"skey	se	lc_se_nm	cmpnm	detail_info	cvntl_knd_nm	image_url	writng_de",,,,
"1	관광지 주변우수업체	다대포해수욕장	별난멸치국수	상 호 (전화번호) : 별난멸치국수 (051-266-2668) 주 소 : 사하구 다대로 700 위 치 : 다대포해수욕장역 1번출구에서 1분거리 테이블 수 : 전체 15  입석 15  주메뉴 : 멸치국수 	입식테이블|음식점|경사로|이용가능시설|자동문	http://www.wheelbusan.or.kr/board/file/download?board_number=837	2018-08-07 11:13",,,,
"2	관광지 주변우수업체	다대포해수욕장	와사비꼬막정식	상 호 (전화번호) : 와사비꼬막정식 (051-261-7972) 주 소 : 사하구 다대로 690(다대동) 위 치 : 다대포해수욕장역 3번출구에서 1분 테이블 수 : 전체 18  입식 18  주메뉴 : 꼬막정식 	입식테이블|음식점|이용가능시설	http://www.wheelbusan.or.kr/board/file/download?board_number=838	2018-08-07 11:15",,,,
"3	관광지 주변우수업체	다대포해수욕장	부산숯불장어. 꼼장어	상 호 (전화번호) : 부산숯불장어. 꼼장어 (051-264-8777) 주 소 : 사하구 다대로 663 위 치 : 다대포해수욕장역 2-4번 출구에서 2분거리 테이블 수 : 전체 8  입식 5  주메뉴 : 장어구이	입식테이블|음식점|경사로|이용가능시설	http://www.wheelbusan.or.kr/board/file/download?board_number=808	2018-07-10 10:11",,,,
"4	관광지 주변우수업체	다대포해수욕장	포항집	상 호 (전화번호) : 포항집 (051-263-0527) 주 소 : 사하구 몰운대1길 31 위 치 : 다대포해수욕장역 4번출구에서 5분 테이블 수 : 전체 16  입식 10   주메뉴 : 꼼장어구이	입식테이블|음식점	http://www.wheelbusan.or.kr/board/file/download?board_number=546	2018-06-15 16:54",,,,
"5	관광지 주변우수업체	다대포해수욕장	태평양 꼼장어	상 호 (전화번호) : 태평양 꼼장어 (051-262-6686) 주 소 : 사하구 몰운대1길 31 위 치 : 다대포해수욕장역 4번출구에서 5분 테이블 수 : 전체 12  입식 8  주메뉴 : 꼼장어	입식테이블|음식점|경사로|이용가능시설	http://www.wheelbusan.or.kr/board/file/download?board_number=547	2018-06-15 16:56",,,,
"6	관광지 주변우수업체	구포무장애숲길	삼겹파티	상 호 (전화번호) : 삼겹파티 (051-341-8636) 주 소 : 북구 구포동 916  위 치 : 구남역 3번출구에서 5분  테이블 수 : 전체 25  입식 25  주메뉴 : 삼겹파티모듬 	입식테이블|음식점|이용가능시설	http://www.wheelbusan.or.kr/board/file/download?board_number=948	2018-12-28 15:51",,,,
"7	관광지 주변우수업체	구포무장애숲길	카페파스쿠찌	상 호 (전화번호) : 카페파스쿠찌 (051-338-1300) 주 소 : 북구 낙동북로 720 위 치 : 구포무장애숲길 주차장 옆 테이블 수 : 전체 39  입식 29   주메뉴 : 커피	입식테이블|음식점|경사로|이용가능시설|자동문|엘리베이터	http://www.wheelbusan.or.kr/board/file/download?board_number=545	2018-06-15 16:53",,,,
"8	관광지 주변우수업체	BEXCO	면주방	상 호 (전화번호) : 면주방 (051-745-1971) 주 소 : 부산 해운대구 센텀4로 15 신세계센텀시티몰 4층 위 치 : 신세계백화점 4층 테이블 수 : 전체 14  입식 14  주메뉴 : 면주방 갈비국수	입식테이블|음식점|경사로|이용가능시설|자동문|장애인전용 주차구역|엘리베이터|장애인화장실	http://www.wheelbusan.or.kr/board/file/download?board_number=542	2018-06-15 16:49",,,,
"9	관광지 주변우수업체	BEXCO	토끼정	상 호 (전화번호) : 토끼정 (051-745-1964) 주 소 : 부산 해운대구 센텀4로 15 신세계센텀시티몰 4층	입식테이블|음식점|경사로|이용가능시설|자동문|장애인전용 주차구역|엘리베이터|장애인화장실	http://www.wheelbusan.or.kr/board/file/download?board_number=543	2018-06-15 16:51",,,,
"10	관광지 주변우수업체	충렬사	옹기마을	상 호 (전화번호) : 옹기마을 (051-524-5595) 주 소 : 충렬대로359길 29 위 치 : 충렬사역 2번출구에서 4분 테이블 수 : 전체 15  입식 5  주메뉴 : 보리밥 	입식테이블|음식점|이용가능시설|장애인전용 주차구역	http://www.wheelbusan.or.kr/board/file/download?board_number=840	2018-08-07 11:50",,,,
"11	관광지 주변우수업체	충렬사	석류나무집	상 호 (전화번호) : 석류나무집 (051-528-1100) 주 소 : 동래구 안락로 5 [안락동 419-40] 위 치 : 충렬사역에서 3분(210m) 테이블 수 : 전체 9  입식 5   주메뉴 : 등심구이 특이사항 : 음식점 공간 좁음	입식테이블|음식점	http://www.wheelbusan.or.kr/board/file/download?board_number=540	2018-06-15 16:46",,,,
"12	관광지 주변우수업체	부산시민공원	외식1번가	상 호 (전화번호) : 외식1번가 (051-816-0007) 주 소 : 부산진구 신천대로 222 위 치 : 부암역 4번출구에서 10분 테이블 수 : 전체 25  입식 25  주메뉴 : 갈비살 양념구이	입식테이블|음식점|경사로|이용가능시설|자동문|장애인전용 주차구역	http://www.wheelbusan.or.kr/board/file/download?board_number=536	2018-06-15 16:42",,,,
"13	관광지 주변우수업체	부산시민공원	해변의 꽃게	상 호 (전화번호) 해변의 꽃게 (802-7100) 주 소 부산진구 새싹로 87 위 치 남문에서 10분 테이블 수 / 주메뉴 전체 15  입식 13 / 해꽃큰상 19 900   	입식테이블|음식점|경사로|이용가능시설	http://www.wheelbusan.or.kr/board/file/download?board_number=538	2018-06-15 16:44",,,,
"14	관광지 주변우수업체	성지곡수원지	초읍밀면칼국수	상 호 (전화번호) : 초읍밀면칼국수 (051-865-0663) 주 소 : 부산 부산진구 새싹로 281-1 테이블 수 : 전체 40  입식 40   주메뉴 : 밀면  칼국수	입식테이블|음식점|이용가능시설	http://www.wheelbusan.or.kr/board/file/download?board_number=935	2018-12-21 16:10",,,,
"15	관광지 주변우수업체	성지곡수원지	베트남쌀국수	상 호 (전화번호) : 베트남쌀국수 (051-818-4737) 주 소 : 부산 부산진구 성지곡로 15 테이블 수 : 전체 30  입식 30  주메뉴 : 베트남쌀국수	입식테이블|음식점|이용가능시설	http://www.wheelbusan.or.kr/board/file/download?board_number=936	2018-12-21 17:12",,,,
"16	관광지 주변우수업체	성지곡수원지	뚱땡이 족발&보쌈	상 호 (전화번호) : 뚱땡이 족발 보쌈 (051-804-3307) 주 소 : 부산진구 성지곡로 11 테이블 수 : 전체 8  입식 6  주메뉴 : 족발  보쌈 특이사항 : 장소가 좁음 / 포장  배달 전문	입식테이블|음식점|경사로|이용가능시설	http://www.wheelbusan.or.kr/board/file/download?board_number=722	2018-06-19 16:15",,,,
"17	관광지 주변우수업체	성지곡수원지	원조 외할매국수	상 호 (전화번호) : 원조 외할매국수 (051-818-2558) 주 소 : 부산진구 성지곡로 16-2 테이블 수 : 전체 9  입식 9  주메뉴 : 물국수 	입식테이블|음식점|경사로|이용가능시설	http://www.wheelbusan.or.kr/board/file/download?board_number=723	2018-06-19 16:16",,,,
"18	관광지 주변우수업체	성지곡수원지	초읍갈비	상 호 (전화번호) : 초읍갈비 (051-809-2786) 주 소 : 부산 부산진구 성지로143번길 6 테이블 수 : 전체 10  입식 7  주메뉴 : 돼지갈비	입식테이블|음식점|이용가능시설	http://www.wheelbusan.or.kr/board/file/download?board_number=724	2018-06-19 16:18",,,,
"19	관광지 주변우수업체	성지곡수원지	초읍밀면	상 호 (전화번호) : 초읍밀면 (051-865-0663) 주 소 : 부산진구 새싹로 281-1 테이블 수 : 전체 10  입식 10	입식테이블|음식점|경사로|이용가능시설	http://www.wheelbusan.or.kr/board/file/download?board_number=528	2018-06-15 16:20",,,,
"20	관광지 주변우수업체	성지곡수원지	봉평메밀면가	상 호 (전화번호) 봉평메밀면가 (802-0602) 주 소 부산진구 월드컵대로474번길 27 위 치 성지곡수원지 매표소 건너편 테이블 수 / 주메뉴 전체 15  입식 15 / 물막국수 6 000	입식테이블|음식점|경사로|이용가능시설|자동문	http://www.wheelbusan.or.kr/board/file/download?board_number=529	2018-06-15 16:21",,,,
"21	관광지 주변우수업체	용두산공원	큰집	상 호 (전화번호) : 큰집 (051-245-3320) 주 소 : 부산 중구 중구로24번길 19 위 치 : 남포역 5번출구 도보8분 테이블 수 : 전체 15  입식 15  주메뉴 : 큰집정식 	자동문|이용가능시설|음식점|입식테이블	http://www.wheelbusan.or.kr/board/file/download?board_number=937	2018-12-21 19:11",,,,
"22	관광지 주변우수업체	용두산공원	중앙모밀	상 호 (전화번호) : 중앙모밀 (051-246-8686) 주 소 : 부산 중구 중앙대로49번길 9-1	입식테이블|음식점|경사로|이용가능시설	http://www.wheelbusan.or.kr/board/file/download?board_number=526	2018-06-15 16:07",,,,
"23	관광지 주변우수업체	용두산공원	아는행님	상 호 (전화번호) : 아는행님 (051-231-7792) 주 소 : 부산 중구 광복로97번안길 6-5	음식점|경사로|이용가능시설	http://www.wheelbusan.or.kr/board/file/download?board_number=527	2018-06-15 16:08",,,,
"24	도시철도역 주변우수업체	동해선	수제왕돈까스	상 호 (전화번호) : 수제왕돈까스 (051-532-1010) 주 소 : 부산 동래구 안남로 59 위 치 : 안락역1번출구에서 5분 테이블 수 : 전체 5  입식 주메뉴 : 왕돈까스	입식테이블|음식점|경사로|이용가능시설	http://www.wheelbusan.or.kr/board/file/download?board_number=876	2018-06-20 13:59",,,,
"25	도시철도역 주변우수업체	동해선	고메밀면	상 호 (전화번호) 고메밀면 (051-521-5006) 주 소 : 부산 동래구 충렬대로 378-1 위 치 : 안락역 2번출구에서 3분 테이블 수 : 전체 22  입식 22  주메뉴: 육전물밀면	-	http://www.wheelbusan.or.kr/board/file/download?board_number=877	2018-10-11 16:20",,,,
"26	도시철도역 주변우수업체	동해선	수제왕돈까스	상 호 (전화번호) : 수제왕돈까스 (051-704-7107) 주 소 : 부산 해운대구 대천로103번길 61(LG아파트상가 1층) 위 치 : 신해운대역 1번출구에서 10분 테이블 수 : 전체 10  입식 10  주메뉴 : 돈까스	입식테이블|음식점|경사로|이용가능시설|자동문|장애인전용 주차구역|장애인화장실	http://www.wheelbusan.or.kr/board/file/download?board_number=747	2018-06-20 13:59",,,,
"27	도시철도역 주변우수업체	동해선	김밥천국 해운대점	상 호 (전화번호) : 김밥천국 해운대점 (051-702-6661) 주 소 : 해운대구 좌동 순환로 177 위 치 : 신해운대역 1번출구에서 7분 테이블 수 : 전체 14  입식 14 주메뉴 : 김밥	입식테이블|음식점|경사로|이용가능시설	http://www.wheelbusan.or.kr/board/file/download?board_number=748	2018-06-20 14:01",,,,
"28	도시철도역 주변우수업체	동해선	한옥집 김치찜	상 호 (전화번호) : 한옥집 김치찜 (051-783-8902) 주 소 : 해운대구 센텀동로 102 센텀필상가 1층 위 치 : 센텀역 2번출구에서 7분 테이블 수 : 전체 16  입식 16  주메뉴 : 김치찜 	입식테이블|음식점|이용가능시설|자동문	http://www.wheelbusan.or.kr/board/file/download?board_number=749	2018-06-20 14:03",,,,
"29	도시철도역 주변우수업체	동해선	콩마을	상 호 (전화번호) : 콩마을 (051-783-8886) 주 소 : 해운대구 재송동 1220 센텀필상가 116호 위 치 : 센텀역 2번출구에서 7분 테이블 수 : 전체 12  입식 8  주메뉴 : 콩나물국밥 	입식테이블|음식점|경사로|이용가능시설	http://www.wheelbusan.or.kr/board/file/download?board_number=750	2018-06-20 14:06",,,,
"30	도시철도역 주변우수업체	동해선	홍춘천치즈닭갈비 재송역점	상 호 (전화번호) : 홍춘천치즈닭갈비 재송역점 (051-781-7070) 주 소 : 해운대구 해운대로76길 16 위 치 : 재송역 1번출구에서 3분 테이블 수 : 전체 10  입식 10 주메뉴 : 치즈닭갈비	입식테이블|음식점|이용가능시설	http://www.wheelbusan.or.kr/board/file/download?board_number=751	2018-06-20 14:08",,,,
"31	도시철도역 주변우수업체	동해선	대교오리집	상 호 (전화번호) 대교오리집 (784-6339) 주 소 해운대구 재송1동 1077-18 위 치 1번출구에서 7분 테이블 수 / 주메뉴 전체 5  입식 5 / 생오리볶음 8 000	입식테이블|음식점|경사로|이용가능시설	http://www.wheelbusan.or.kr/board/file/download?board_number=752	2018-06-20 14:16",,,,
"32	도시철도역 주변우수업체	동해선	생생우럭이네	상 호 (전화번호) : 생생우럭이네 (051-526-6457) 주 소 : 동래구 안남로 84 위 치 : 안락역 1번출구에서 5분 테이블 수 : 전체 10  입식 8  주메뉴 : 우럭조림	입식테이블|음식점|이용가능시설	http://www.wheelbusan.or.kr/board/file/download?board_number=753	2018-06-20 14:18",,,,
"33	도시철도역 주변우수업체	동해선	행복한날수제칼국수	상 호 (전화번호) : 행복한날수제칼국수 (051-522-1217) 주 소 : 동래구 충렬대로428번길 36 위 치 : 안락역 1번출구에서 7분 테이블 수 : 전체 3  입식 3  주메뉴 : 닭칼국수	입식테이블|음식점|이용가능시설	http://www.wheelbusan.or.kr/board/file/download?board_number=754	2018-06-20 14:21",,,,
"34	도시철도역 주변우수업체	동해선	장수촌24시	상 호 (전화번호) : 장수촌24시 (51-552-9997) 주 소 : 동래구 온천천로 329 위 치 : 동래역(동해선)1번출구에서 10분 테이블 수 : 전체 40  입식 30  주메뉴 : 돼지국밥	입식테이블|음식점|이용가능시설	http://www.wheelbusan.or.kr/board/file/download?board_number=755	2018-06-20 14:24",,,,
"35	도시철도역 주변우수업체	동해선	순대전골 그리고 국밥	상 호 (전화번호) : 순대전골 그리고 국밥 (051-868-9392) 주 소 : 연제구 거제시장로22길 5 희망센트럴뷰 상가 위 치 : 거제해맞이역 1번출구에서 10분 테이블 수 : 전체 12  입식 10  주메뉴 : 순대국밥 특이사항 : 모듬순대는 17시 이후 주문가능	입식테이블|음식점|이용가능시설	http://www.wheelbusan.or.kr/board/file/download?board_number=756	2018-06-20 14:27",,,,
"36	도시철도역 주변우수업체	동해선	한방장어구이	상 호 (전화번호) : 한방장어구이 (051-503-3353) 주 소 : 연제구 아시아드대로 8 위 치 : 거제해맞이역 1번출구에서 10분 테이블 수 : 전체 100  입식 90   주메뉴 : 장어한판	입식테이블|음식점|이용가능시설|자동문|장애인전용 주차구역|엘리베이터	http://www.wheelbusan.or.kr/board/file/download?board_number=757	2018-06-20 14:30",,,,
"37	도시철도역 주변우수업체	동해선	주차장 산곰장어	상 호 (전화번호) : 주차장 산곰장어 (051-808-0407) 주 소 : 부산 부산진구 부전로 177-2 위 치 : 부전역(동해선) 1번출구에서 3분 테이블 수 : 전체 23  입식 8   주메뉴 : 곰장어구이  참고사항: 실내공간이 다소 좁음	입식테이블|음식점|경사로|이용가능시설	http://www.wheelbusan.or.kr/board/file/download?board_number=758	2018-06-20 14:34",,,,
"38	도시철도역 주변우수업체	동해선	싱싱대게	상 호 (전화번호) : 싱싱대게 (051-724-4420) 주 소 : 부산광역시 기장군 기장읍 읍내로104번길 5 위 치 : 기장역 1번출구에서 10분 테이블 수 : 전체 61  입식 22  주메뉴 : 대게찜	입식테이블|음식점|경사로|이용가능시설|자동문|장애인전용 주차구역|엘리베이터	http://www.wheelbusan.or.kr/board/file/download?board_number=652	2018-06-18 17:21",,,,
"39	도시철도역 주변우수업체	동해선	태성추어탕	상 호 (전화번호) : 태성추어탕 (051-723-2007) 주 소 : 기장군 기장읍 읍내로 117 위 치 : 기장역 1번출구에서 5분 테이블 수 : 전체 14  입식 14  주메뉴 : 추어탕	입식테이블|음식점|경사로|이용가능시설	http://www.wheelbusan.or.kr/board/file/download?board_number=653	2018-06-18 17:24",,,,
"40	도시철도역 주변우수업체	동해선	할매손 충무김밥	상 호 (전화번호) : 할매손충무김밥 동부산아울렛점 (051-901-2877) 주 소 : 부산 기장군 기장읍 기장해안로 147  롯데몰 3층 위 치 : 오시리아역에서 15분 테이블 수 : 전체 14  입식 14  주메뉴 : 충무김밥	입식테이블|음식점|경사로|이용가능시설|자동문|장애인전용 주차구역|엘리베이터	http://www.wheelbusan.or.kr/board/file/download?board_number=654	2018-06-18 17:26",,,,
"41	도시철도역 주변우수업체	동해선	홍원막국수	상 호 (전화번호) : 홍원막국수 (051-901-2866) 주 소 : 부산 기장군 기장읍 기장해안로 147  롯데몰 3층 D 302호 위 치 : 오시리아역에서 15분 테이블 수 : 주메뉴 전체 12  입식 12  주메뉴 : 홍원막국수 정식	입식테이블|음식점|경사로|이용가능시설|자동문|장애인전용 주차구역|엘리베이터	http://www.wheelbusan.or.kr/board/file/download?board_number=655	2018-06-18 17:28",,,,
"42	도시철도역 주변우수업체	동해선	국시한그릇	상 호 (전화번호) : 국시한그릇 (051-805-0680/010-8686-6575) 주 소 : 부산 해운대구 해운대로 1108 위 치 : 송정역 2번출구에서 10분 테이블 수 : 전체 6  입식 6  주메뉴 : 국수	입식테이블|음식점|경사로|이용가능시설	http://www.wheelbusan.or.kr/board/file/download?board_number=656	2018-06-18 17:29",,,,
"43	도시철도역 주변우수업체	동해선	辛선지국밥	상 호 (전화번호) : 辛선지국밥 (051-701-3512) 주 소 : 부산 해운대구 송정중앙로5번길 67 위 치 : 송정역 2번출구에서 7분 테이블 수 : 전체 13  입식 13  주메뉴 : 선지국밥	입식테이블|음식점|경사로|이용가능시설	http://www.wheelbusan.or.kr/board/file/download?board_number=657	2018-06-18 17:31",,,,
"44	도시철도역 주변우수업체	동해선	정든물회	상 호 (전화번호) : 정든물회 (051-724-8805) 주 소 : 부산 기장군 일광면 기장해안로 1325 위 치 : 일광역 1번출구에서 10분 테이블 수 : 전체 15  입식 8  주메뉴 : 물회	입식테이블|음식점|경사로|이용가능시설	http://www.wheelbusan.or.kr/board/file/download?board_number=505	2018-06-15 14:49",,,,
"45	도시철도역 주변우수업체	동해선	시골의 맛	상 호 (전화번호) : 시골의 맛 (051-723-5689) 주 소 : 기장군 일광면 이천리 833-2 위 치 : 일광역 1번출구에서 3분 테이블 수 : 전체 19  입식 15  주메뉴 : 열무국수	입식테이블|음식점|경사로|이용가능시설	http://www.wheelbusan.or.kr/board/file/download?board_number=506	2018-06-15 14:50",,,,
"46	도시철도역 주변우수업체	3호선	들길편의점	""상 호 (전화번호) : 들길편의점주 소 : 강서구 대저로 89위 치 : 대저역 2번출구에서 5분테이블 수 : 전체 10", 입식 2," 주메뉴 : 비빔밥""	입식테이블|음식점|이용가능시설	http://www.wheelbusan.or.kr/board/file/download?board_number=687	2018-06-19 10:29",,
"47	도시철도역 주변우수업체	3호선	김밥천국	""상 호 (전화번호) : 김밥천국 (051-971-6488)주 소 : 강서구 대저로 76-5위 치 : 대저역 2번출구에서 8분테이블 수 : 전체 15", 입식 15," 주메뉴 : 김밥""	입식테이블|음식점|이용가능시설	http://www.wheelbusan.or.kr/board/file/download?board_number=686	2018-06-19 10:26",,
"48	도시철도역 주변우수업체	3호선	조은함흥냉면	""상 호 (전화번호) : 조은함흥냉면 (051-973-5996)주 소 : 강서구 대저로 137위 치 : 체육공원역 1번출구에서 10분테이블 수 : 전체 20"," 입식 20 주메뉴 : 함흥냉면 ""	입식테이블|음식점|이용가능시설|자동문	http://www.wheelbusan.or.kr/board/file/download?board_number=685	2018-06-19 10:23",,,
"49	도시철도역 주변우수업체	3호선	부산진명가설렁탕	""상 호 (전화번호) : 부산진명가설렁탕 (051-831-3360)주 소 : 강서구 대저로 137위 치 : 1번출구에서 10분테이블 수 : 전체 16"," 입식 16 ; 주메뉴 : 설렁탕""	입식테이블|음식점|이용가능시설|자동문	http://www.wheelbusan.or.kr/board/file/download?board_number=684	2018-06-19 10:21",,,
"50	도시철도역 주변우수업체	3호선	조방낙지	""상 호 (전화번호) : 조방낙지 (051-941-3545)주 소 : 강서구 대저로 272위 치 : 강서구청역 1번출구에서 7분테이블 수 : 전체 8", 입식 8," 주메뉴 : 낙지볶음 ""	입식테이블|음식점|경사로|이용가능시설|자동문	http://www.wheelbusan.or.kr/board/file/download?board_number=683	2018-06-19 10:18",,
"51	도시철도역 주변우수업체	3호선	의령소바	""상 호 (전화번호) 의령소바 (973-9005)주 소 강서구 대저로273길 32위 치 2번출구에서 8분테이블 수 / 주메뉴 전체 18", 입식 17 / 온소바 6,"000""	이용가능시설|경사로|음식점|입식테이블	http://www.wheelbusan.or.kr/board/file/download?board_number=682	2018-06-19 10:15",,
"52	도시철도역 주변우수업체	3호선	봉자숯불구이	""상 호 (전화번호) : 봉자숯불구이 (051-332-4459)주 소 : 북구 낙동대로1738길 21 위 치 : 구포역 3번출구에서 7분테이블 수 : 전체 12", 입식 6," 주메뉴 : 돼지갈비""	입식테이블|음식점|경사로|이용가능시설|자동문	http://www.wheelbusan.or.kr/board/file/download?board_number=681	2018-06-19 10:13",,
"53	도시철도역 주변우수업체	3호선	구포국수체험관	""상 호 (전화번호) : 구포국수체험관 (051-342-9495)주 소 : 북구 구포만세길 109위 치 : 구포역 3번출구에서 4분테이블 수 : 전체 12", 입식 12," 주메뉴 : 온국수""	입식테이블|음식점|경사로|이용가능시설	http://www.wheelbusan.or.kr/board/file/download?board_number=680	2018-06-19 10:09",,
"54	도시철도역 주변우수업체	3호선	이비가짬뽕	""상 호 (전화번호) : 이비가짬뽕 (051-341-0861)주 소 : 북구 만덕대로 117위 치 : 숙등역 2번출구에서 5분테이블 수 : 전체 21", 입식 15," 주메뉴 : 이비가짬뽕""	입식테이블|음식점|경사로|이용가능시설|자동문	http://www.wheelbusan.or.kr/board/file/download?board_number=679	2018-06-19 10:06",,
"55	도시철도역 주변우수업체	3호선	해조밀면	""상 호 (전화번호) : 해조밀면 (051-338-0805)주 소 : 북구 만덕대로77번길 5위 치 : 숙등역 4번출구에서 1분테이블 수 : 전체 14", 입식 5," 주메뉴 : 밀면""	입식테이블|음식점|이용가능시설	http://www.wheelbusan.or.kr/board/file/download?board_number=678	2018-06-19 10:03",,
"56	도시철도역 주변우수업체	3호선	미향식당	""상 호 (전화번호) : 미향식당 (051-341-5478)주 소 : 북구 만덕대로178번길 6위 치 : 남산정역 3번출구에서 2분테이블 수 : 전체 5", 입식 5," 주메뉴 : 정식""	입식테이블|음식점|경사로|이용가능시설	http://www.wheelbusan.or.kr/board/file/download?board_number=677	2018-06-19 10:01",,
"57	도시철도역 주변우수업체	3호선	날마다 대박나는 집	""상 호 (전화번호) : 날마다 대박나는 집 (051-336-9292)주 소 : 북구 만덕3로 9위 치 : 남산정역 3번출구에서 4분테이블 수 : 전체 46", 입식 36," 주메뉴 : 대패삼겹살""	입식테이블|음식점|경사로|이용가능시설	http://www.wheelbusan.or.kr/board/file/download?board_number=676	2018-06-19 9:56",,
"58	도시철도역 주변우수업체	3호선	통큰장어	""상 호 (전화번호) : 통큰장어 (051-343-8292)주 소 : 북구 만덕2로44길 42-14위 치 : 만덕역 1번출구에서 7분테이블 수 : 전체 25", 입식 13," 주메뉴 : 장어소금구이""	입식테이블|음식점|경사로|이용가능시설|장애인전용 주차구역	http://www.wheelbusan.or.kr/board/file/download?board_number=675	2018-06-19 9:53",,
"59	도시철도역 주변우수업체	3호선	원가네 닭한마리국수	""상 호 (전화번호) : 원가네 닭한마리국수 (051-343-3030)주 소 : 북구 만덕2로 42[만덕동 323-1]위 치 : 만덕역 1번출구에서 12분테이블 수 : 전체 7", 입식 7," 주메뉴 : 닭한마리국수""	입식테이블|음식점|이용가능시설|장애인전용 주차구역	http://www.wheelbusan.or.kr/board/file/download?board_number=674	2018-06-19 9:51",,
"60	도시철도역 주변우수업체	3호선	한마당참나무화덕구이	""상 호 (전화번호) : 한마당참나무화덕구이 (051-506-7888)주 소 : 부산 동래구 아시아드대로 229[온천동 1249-3]위 치 : 미남역 1번출구에서 1분테이블 수 : 전체 7", 입식 7," 주메뉴 : 돼지갈비정식 ""	입식테이블|음식점|이용가능시설	http://www.wheelbusan.or.kr/board/file/download?board_number=673	2018-06-19 9:48",,
"61	도시철도역 주변우수업체	3호선	송화루	""상 호 (전화번호) : 송화루 (051-504-5415)주 소 : 동래구 아시아드대로207길 9위 치 : 미남역 1번출구에서 12분테이블 수 : 전체 6", 입식 6," 주메뉴 : 탕수육정식""	입식테이블|음식점|경사로|이용가능시설	http://www.wheelbusan.or.kr/board/file/download?board_number=672	2018-06-19 9:45",,
"62	도시철도역 주변우수업체	3호선	우전밀면&손칼국수	""상 호 (전화번호) 우전밀면&손칼국수 (505-3999)주 소 동래구 아시아드대로219번길 18위 치 1번출구에서 7분테이블 수 / 주메뉴 전체 9", 입식 9 / 밀면 5,"000""	이용가능시설|경사로|음식점|입식테이블	http://www.wheelbusan.or.kr/board/file/download?board_number=671	2018-06-19 9:43",,
"63	도시철도역 주변우수업체	3호선	낙지보쌈	""상 호 (전화번호) 낙지보쌈 (501-3388)주 소 동래구 아시아드대로 160위 치 2번출구에서 1분테이블 수 / 주메뉴 전체 20", 입식 8 / 낙지볶음 6,"500""	자동문|이용가능시설|음식점|입식테이블	http://www.wheelbusan.or.kr/board/file/download?board_number=670	2018-06-19 9:40",,
"64	도시철도역 주변우수업체	3호선	장수촌24시 순대돼지국밥	""상 호 (전화번호) : 장수촌24시 순대돼지국밥 (051-507-7833)주 소 : 동래구 아시아드대로 166위 치 : 사직역 4번출구에서 1분테이블 수 : 전체 23", 입식 23," 주메뉴 : 돼지국밥""	입식테이블|음식점|이용가능시설|장애인전용 주차구역	http://www.wheelbusan.or.kr/board/file/download?board_number=669	2018-06-19 9:36",,
"65	도시철도역 주변우수업체	3호선	신라해장국	""상 호 (전화번호) : 신라해장국 (051-505-5070)주 소 : 동래구 사직동 112-23위 치 : 종합운동장역 4번출구에서 7분테이블 수 전체 24", 입식 12," 주메뉴 : 해장국 ""	입식테이블|음식점|이용가능시설|자동문	http://www.wheelbusan.or.kr/board/file/download?board_number=668	2018-06-19 9:33",,
"66	도시철도역 주변우수업체	3호선	종가집 돼지국밥	""상 호 (전화번호) : 종가집 돼지국밥 (051-501-3861)주 소 : 동래구 아시아드대로 114위 치 : 종합운동장역 4번출구에서 5분테이블 수 : 전체 23", 입식 18," 주메뉴 : 돼지국밥""	입식테이블|음식점|이용가능시설|자동문|장애인전용 주차구역	http://www.wheelbusan.or.kr/board/file/download?board_number=667	2018-06-19 9:30",,
"67	도시철도역 주변우수업체	3호선	본죽	""상 호 (전화번호) : 본죽 (051-507-9898)주 소 : 연제구 법원로32번길 19 위 치 : 거제역 6번출구에서 8분테이블 수 : 전체 8", 입식 8," 주메뉴 : 전복죽""	입식테이블|음식점|경사로|이용가능시설	http://www.wheelbusan.or.kr/board/file/download?board_number=666	2018-06-19 9:28",,
"68	도시철도역 주변우수업체	3호선	미가생태탕	""상 호 (전화번호) : 미가생태탕 (051-506-4344)주 소 : 연제구 거제동 1494-2 금송빌딩 1층위 치 : 거제역 6번출구에서 5분테이블 수 : 전체 20", 입식 8," 주메뉴 : 생명태탕""	입식테이블|음식점|경사로|이용가능시설	http://www.wheelbusan.or.kr/board/file/download?board_number=665	2018-06-19 9:25",,
"69	도시철도역 주변우수업체	3호선	고농소머리곰탕	""상 호 (전화번호) : 고농소머리곰탕 (051-802-6509)주 소 : 연제구 연수로 105위 치 : 물만골역 1번출구에서 10분테이블 수 : 전체 12", 입식 12," 주메뉴 : 소머리탕""	입식테이블|음식점|이용가능시설	http://www.wheelbusan.or.kr/board/file/download?board_number=664	2018-06-19 9:22",,
"70	도시철도역 주변우수업체	3호선	복천식당	""상 호 (전화번호) : 복천식당 (051-863-5385)주 소 : 연제구 월드컵대로3번길 42 위 치 : 물만골역 1번출구에서 5분테이블 수 : 전체 6", 입식 4," 주메뉴 : 복천정식""	입식테이블|음식점|경사로|이용가능시설	http://www.wheelbusan.or.kr/board/file/download?board_number=663	2018-06-19 9:19",,
"71	도시철도역 주변우수업체	3호선	홍원갈비탕	""상 호 (전화번호) : 홍원갈비탕 (051-863-3131)주 소 : 연제구 배산로 9위 치 : 배산역 6번출구에서 10분테이블 수 : 전체 6", 입식 6," 주메뉴 : 갈비탕""	입식테이블|음식점|경사로|이용가능시설	http://www.wheelbusan.or.kr/board/file/download?board_number=498	2018-06-15 14:24",,
"72	도시철도역 주변우수업체	3호선	본죽	""상 호 (전화번호) : 본죽 (051-853-6288)주 소 : 연제구 연산동 2121-2위 치 : 배산역 2번출구 앞테이블 수 : 전체 5", 입식 5," 주메뉴 : 전복죽""	입식테이블|음식점|경사로|이용가능시설	http://www.wheelbusan.or.kr/board/file/download?board_number=496	2018-06-15 14:22",,
"73	도시철도역 주변우수업체	3호선	수영도기 차돌구이	""상 호 (전화번호) : 수영도기 차돌구이 (051-751-1285)주 소 : 부산 수영구 망미번영로60번길 9 위 치 : 망미역 4번출구에서 5분테이블 수 : 전체 10", 입식 3," 주메뉴 : 생삼겹살""	입식테이블|음식점|이용가능시설	http://www.wheelbusan.or.kr/board/file/download?board_number=495	2018-06-15 14:21",,
"74	도시철도역 주변우수업체	3호선	바보형제 쭈꾸미	""상 호 (전화번호) : 바보형제 쭈꾸미 (051-752-9291)주 소 : 수영구 망미번영로 46위 치 : 망미역 2번출구 입구테이블 수 : 전체 26", 입식 26," 주메뉴 : 쭈꾸미세트""	입식테이블|음식점	http://www.wheelbusan.or.kr/board/file/download?board_number=492	2018-06-15 14:16",,
"75	도시철도역 주변우수업체	4호선	동래할매파전	""상 호(전화번호) : 동래할매파전(051-552-0791~2)주소 : 동래구 명륜로 94-10위치 : 수안역 7번출구 도보 5분(333m 특이사항 : 식당 접근로가 바닥에 돌이 박혀있는 형태라서 노면 상태가 고르지못함주차는 현대주차장"," 동래구청 주차장 장애인차량(1시간) 무료주차가능""	입식테이블|음식점|경사로|이용가능시설|자동문	http://www.wheelbusan.or.kr/board/file/download?board_number=882	2018-11-01 9:54",,,
"76	도시철도역 주변우수업체	4호선	석류나무집	""상 호 (전화번호) : 석류나무집 (051-528-1100)주 소 : 동래구 안락로 5 [안락동 419-40]위 치 : 충렬사역에서 3분(210m)테이블 수 : 전체 9", 입식 5," 주메뉴 : 등심구이</P>\r\n특이사항 : 실내 공간 다소 좁음</P><!-- * Daum 지도 - 지도퍼가기 --><!-- 1. 지도 노드 -->\r\n<DIV id=daumRoughmapContainer1533609951549""	입식테이블|음식점	http://www.wheelbusan.or.kr/board/file/download?board_number=839	2018-08-07 11:31",,
"77	도시철도역 주변우수업체	4호선	동래재첩국	""상 호 (전화번호) : 동래재첩국 (051-753-7345)주 소 : 동래구 충렬대로 211위 치 : 수안역 2번출구에서 3분테이블 수 : 전체 15", 입식 8," 주메뉴 : 재첩국""	입식테이블|음식점|경사로|이용가능시설|자동문	http://www.wheelbusan.or.kr/board/file/download?board_number=746	2018-06-20 13:56",,
"78	도시철도역 주변우수업체	4호선	한방쑥면전문점	""상 호 (전화번호) : 한방쑥면전문점 (051-558-2676)주 소 : 동래구 명륜로98길 78위 치 : 낙민역 1번출구에서 5분테이블 수 : 전체 12", 입식 5," 주메뉴 : 쑥면""	입식테이블|음식점|경사로|이용가능시설	http://www.wheelbusan.or.kr/board/file/download?board_number=745	2018-06-20 13:54",,
"79	도시철도역 주변우수업체	4호선	오복미역	""상 호 (전화번호) : 오복미역 (051-552-4005)주 소 : 동래구 충렬대로 272길 2위 치 : 낙민역 2번출구에서 5분테이블 수 : 전체 24", 입식 18," 주메뉴 : 가자미미역국""	입식테이블|음식점|경사로|이용가능시설|자동문	http://www.wheelbusan.or.kr/board/file/download?board_number=744	2018-06-20 13:52",,
"80	도시철도역 주변우수업체	4호선	옹기마을	""상 호 (전화번호) : 옹기마을 (051-524-5595)주 소 : 충렬대로359길 29위 치 : 충렬사역 2번출구에서 4분테이블 수 : 전체 15", 입식 5," 주메뉴 : 보리밥""	입식테이블|음식점|이용가능시설|장애인전용 주차구역	http://www.wheelbusan.or.kr/board/file/download?board_number=743	2018-06-20 13:50",,
"81	도시철도역 주변우수업체	4호선	구기영 조방낙지	""상 호 (전화번호) : 구기영 조방낙지 (051-528-7055)주 소 : 동래구 명장로20길 60위 치 : 명장역 2번출구에서 7분테이블 수 : 전체 40", 입식 17," 주메뉴 : 낙지볶음 ""	입식테이블|음식점|이용가능시설|자동문	http://www.wheelbusan.or.kr/board/file/download?board_number=742	2018-06-20 13:47",,
"82	도시철도역 주변우수업체	4호선	마루샤브	""상 호 (전화번호) : 마루샤브 (051-532-5552)주 소 : 동래구 명장2동 23-2위 치 : 명장역 3번출구에서 3분테이블 수 : 전체 33", 입식 33," 주메뉴 : 쇠고기샤브Set""	입식테이블|음식점|이용가능시설|자동문	http://www.wheelbusan.or.kr/board/file/download?board_number=741	2018-06-20 13:29",,
"83	도시철도역 주변우수업체	4호선	김해숯불막창	""상 호 (전화번호) : 김해숯불막창 (051-528-0312)주 소 : 금정구 서동로194길 11위 치 : 서동역 3번출구에서 4분테이블 수 : 전체 11", 입식 4," 주메뉴: 돼지숯불막창 ""	입식테이블|음식점|이용가능시설	http://www.wheelbusan.or.kr/board/file/download?board_number=692	2018-06-19 10:51",,
"84	도시철도역 주변우수업체	4호선	부전생오리촌	""상 호 (전화번호) : 부전생오리촌 (051-525-8412)주 소 : 금정구 반송로490길 48위 치 : 금사역 4번출구에서 15분테이블 수 : 전체 24", 입식 6," 주메뉴 : 옻오리백숙 ""	입식테이블|음식점|이용가능시설	http://www.wheelbusan.or.kr/board/file/download?board_number=691	2018-06-19 10:49",,
"85	도시철도역 주변우수업체	4호선	이비가짬뽕	""상 호 (전화번호) : 이비가짬뽕 (051-529-9500)주 소 : 해운대구 반송로 569위 치 : 반여농산물시장역 2번출구에서 2분테이블 수 : 전체 20", 입식 15," 주메뉴 : 이비가짬뽕""	입식테이블|음식점|경사로|이용가능시설|자동문	http://www.wheelbusan.or.kr/board/file/download?board_number=690	2018-06-19 10:47",,
"86	도시철도역 주변우수업체	4호선	우리식당	""상 호 (전화번호) : 우리식당 (051-666-6044)주 소 : 해운대구 수영강변대로 626위 치 : 반여농산물시장역 1번출구에서 7분테이블 수 : 전체 10", 입식 10," 주메뉴 : 갈비탕""	입식테이블|음식점|이용가능시설	http://www.wheelbusan.or.kr/board/file/download?board_number=689	2018-06-19 10:45",,
"87	도시철도역 주변우수업체	4호선	춘하추동	""상 호 (전화번호) : 춘하추동 (051-543-8585)주 소 : 해운대구 아랫반송로 7위 치 : 영산대역 2번출구에서 1분테이블 수 : 전체 16", 입식 10," 주메뉴 : 칼국수""	입식테이블|음식점|경사로|이용가능시설|자동문	http://www.wheelbusan.or.kr/board/file/download?board_number=688	2018-06-19 10:42",,
"88	도시철도역 주변우수업체	4호선	진송추어탕	""상 호 (전화번호) : 진송추어탕 (051-545-7788)주 소 : 해운대구 반송동 385번지위 치 : 동부산대학역 1번출구에서 2분테이블 수 : 전체 25", 입식 8," 주메뉴 : 우렁이추어탕""	입식테이블|음식점|경사로|이용가능시설	http://www.wheelbusan.or.kr/board/file/download?board_number=503	2018-06-15 14:33",,
"89	도시철도역 주변우수업체	4호선	88완당	""상 호 (전화번호) : 88완당 (051-543-9091)주 소 : 해운대구 반송동 반송로924길 3-1위 치 : 동부산대학역 4번출구에서 2분테이블 수 : 전체 9", 입식 5, 주메뉴 : 완당," 국수""	입식테이블|음식점|경사로|이용가능시설	http://www.wheelbusan.or.kr/board/file/download?board_number=501	2018-06-15 14:30",
"90	관광지 주변우수업체	남포동/광복동	다도해	상 호 (전화번호) : 다도해 (051-464-3680)주 소 : 부산 중구 자갈치해안로 52 자갈치시장	음식점|숙박시설|이용가능시설|장애인전용 주차구역|엘리베이터	http://www.wheelbusan.or.kr/board/file/download?board_number=950	2018-12-28 16:00",,,,
"91	관광지 주변우수업체	남포동/광복동	남포밀면	""상 호 (전화번호) : 남포밀면 (051-246-3435)주 소 : 중구 광복로 50위 치 : 남포역 1번출구에서 5분테이블 수 : 전체 16", 입식 11," 주메뉴 : 밀면 ""	자동문|이용가능시설|음식점|입식테이블	http://www.wheelbusan.or.kr/board/file/download?board_number=949	2018-12-28 15:57",,
"92	관광지 주변우수업체	남포동/광복동	팡까스	""상 호 (전화번호) : 팡까스 (051-260-5217)주 소 : 중구 광복로39번길 6 와이즈파크 4층위 치 : 국제시장內테이블 수 : 전체 15", 입식 15," 주메뉴 : 돈까스볶음밥""	입식테이블|음식점|경사로|이용가능시설	http://www.wheelbusan.or.kr/board/file/download?board_number=729	2018-06-19 16:29",,
"93	관광지 주변우수업체	남포동/광복동	큰집	""상 호 (전화번호) : 큰집 (051-245-3320)주 소 : 부산 중구 중구로24번길 19위 치 : 남포역 5번출구 도보8분테이블 수 : 전체 15", 입식 15," 주메뉴 : 큰집정식""	입식테이블|음식점|경사로|이용가능시설|자동문	http://www.wheelbusan.or.kr/board/file/download?board_number=728	2018-06-19 16:27",,
"94	관광지 주변우수업체	남포동/광복동	진주집	""상 호 (전화번호) : 진주집 (051-245-7426)주 소 : 중구 보수대로24길 9위 치 : 자갈치역 3번출구에서 7분테이블 수 : 전체 15", 입식 8," 주메뉴 : 아구찜 참고사항 : 음식점 공간 좁음""	입식테이블|음식점|경사로|이용가능시설	http://www.wheelbusan.or.kr/board/file/download?board_number=727	2018-06-19 16:26",,
"95	관광지 주변우수업체	남포동/광복동	원조여의주 장어구이	상 호 (전화번호) : 원조여의주 장어구이 (051-247-9721)주 소 : 부산 중구 부평2길 21	입식테이블|음식점|경사로|이용가능시설	http://www.wheelbusan.or.kr/board/file/download?board_number=726	2018-06-19 16:24",,,,
"96	관광지 주변우수업체	남포동/광복동	수타생 왕돈까스	""상 호 (전화번호) : 수타생 왕돈까스 (051-248-4448)주 소 : 중구 남포길 22테이블 수 : 전체 26", 입식 26," 주메뉴 : 돈까스""	입식테이블|음식점|경사로|이용가능시설	http://www.wheelbusan.or.kr/board/file/download?board_number=725	2018-06-19 16:23",,
"97	관광지 주변우수업체	남포동/광복동	명품손맛	상 호 (전화번호) : 명품손맛 (010-9502-8623)주 소 : 부산 중구 중구로24번길 13	입식테이블|음식점|경사로|이용가능시설	http://www.wheelbusan.or.kr/board/file/download?board_number=525	2018-06-15 16:05",,,,
"98	관광지 주변우수업체	남포동/광복동	고기촌	""상 호 (전화번호) : 고기촌 (051-245-2358)주 소 : 중구 부평1길 7테이블 수 : 전체 16", 입식 16," 주메뉴 :  생삼겹살""	입식테이블|음식점|경사로|이용가능시설|자동문	http://www.wheelbusan.or.kr/board/file/download?board_number=524	2018-06-15 16:04",,
"99	관광지 주변우수업체	해운대	정든대구탕	상 호 (전화번호) : 정든대구탕 (051-703-0303 주 소 : 부산 해운대구 해운대해변로291(중동 크리스탈비치 로비층) 테이블 수 : 전체10	입식테이블|음식점|이용가능시설|엘리베이터	http://www.wheelbusan.or.kr/board/file/download?board_number=874	2018-10-11 14:55",,,,
"100	관광지 주변우수업체	해운대	일광수산횟집	""상 호 (전화번호) : 일광수산횟집 (051-743-0004)주 소 : 해운대구 해운대로570번길 12위 치 : 해운대역 5번출구에서 15분테이블 수 : 전체 12", 입식 9," 주메뉴 : 복국""	입식테이블|음식점|이용가능시설|자동문	http://www.wheelbusan.or.kr/board/file/download?board_number=823	2018-07-19 15:45",,
"101	관광지 주변우수업체	해운대	고등어사랑	""상 호 (전화번호) : 고등어사랑 (051-746-9092)주 소 : 해운대구 해운대로594번길 5(우동)위 치 : 해운대역 7번출구에서 7분테이블 수 : 전체 12", 입식 12," 주메뉴 : 고등어구이""	입식테이블|음식점|경사로|이용가능시설|자동문	http://www.wheelbusan.or.kr/board/file/download?board_number=822	2018-07-19 15:24",,
"102	관광지 주변우수업체	해운대	해운사계	""상 호 (전화번호) 해운사계 : (051-731-0041)주 소 : 해운대구 구남로8번길 71위 치 : 해운대역 7번출구에서 10분테이블 수 : 전체 14", 입식 14," 주메뉴 : 보쌈정식""	-	http://www.wheelbusan.or.kr/board/file/download?board_number=821	2018-07-19 14:37",,
"103	관광지 주변우수업체	해운대	오발탄	""상 호 (전화번호) : 오발탄 (051-746-6080)주 소 : 해운대구 해운대로570길 10 (그랜드호텔 뒤)위 치 : 해운대역 7번출구에서 10분테이블 수 : 전체 21", 입식 11," 주메뉴 : 한우차돌박이""	음식점|경사로|이용가능시설|자동문	http://www.wheelbusan.or.kr/board/file/download?board_number=820	2018-07-19 14:34",,
"104	관광지 주변우수업체	해운대	오륙도수제순대	""상 호 (전화번호) : 오륙도수제순대 (051-747-5650)",(구)고삼이 생선구이 해운대점주 소 : 해운대구 구남로 21번길 17(우동), 1층위 치 : 해운대역 1번출구에서 7분테이블 수 : 전체 8, 입식 8," 주메뉴 : 뚝배기탕 / 수제순대 ""	입식테이블|음식점|경사로|이용가능시설	http://www.wheelbusan.or.kr/board/file/download?board_number=819	2018-07-19 10:22"
"105	관광지 주변우수업체	해운대	해운대원조 할매국밥	""상 호 (전화번호) : 해운대원조 할매국밥 (051-731-2866)주 소 : 해운대구 구남로21번길 27(우동)위 치 : 해운대역 5번출구에서 3분거리테이블 수 : 전체 22", 입식 18," 주메뉴 : 소고기국밥""	입식테이블|음식점|이용가능시설|장애인전용 주차구역	http://www.wheelbusan.or.kr/board/file/download?board_number=738	2018-06-19 17:03",,
"106	관광지 주변우수업체	해운대	할매집	""상 호 (전화번호) : 할매집 (051-741-1184~5)주 소 : 해운대구 중동2로10번길 7 (해운대구청앞)위 치 : 해운대역 5번출구에서 차로 5분테이블 수 : 전체 32", 입식 11," 주메뉴 : 돼지국밥""	입식테이블|음식점|경사로|이용가능시설|자동문	http://www.wheelbusan.or.kr/board/file/download?board_number=737	2018-06-19 17:01",,
"107	관광지 주변우수업체	해운대	해운대大동일	""상 호 (전화번호) : 해운대大동일 (051-747-4200)주 소 : 해운대구 중동1로 41길 테이블 수 : 전체 27", 입식 16," 주메뉴 : 갈치구이""	입식테이블|음식점|경사로|이용가능시설	http://www.wheelbusan.or.kr/board/file/download?board_number=736	2018-06-19 17:00",,
"108	관광지 주변우수업체	해운대	춘하추동	""상 호 (전화번호) : 춘하추동 (051-746-8658)주 소 : 해운대구 해운대해변로265번길 13(우동)위 치 : 해운대역 5번출구에서 5분테이블 수 : 전체 57", 입식 57," 주메뉴 : 밀면""	입식테이블|음식점|경사로|이용가능시설|자동문	http://www.wheelbusan.or.kr/board/file/download?board_number=735	2018-06-19 16:58",,
"109	관광지 주변우수업체	해운대	참보리밥 앤 청국장	""상 호 (전화번호) : 참보리밥 앤 청국장 (070-7340-5236)주 소 : 해운대구 구남로21번길 21(우동)위 치 : 해운대역 5번출구에서 차로 2분테이블 수 : 전체 10", 입식 3," 주메뉴 : 보리밥 주의사항 : 출입구 불편함""	입식테이블|음식점|경사로|이용가능시설	http://www.wheelbusan.or.kr/board/file/download?board_number=734	2018-06-19 16:54",,
"110	관광지 주변우수업체	해운대	이하정 간장게장	""상 호 (전화번호) : 이하정 간장게장 (051-747-2389)주 소 : 해운대구 해운대해변로 257 하버타운 305호위 치 : 해운대역 5번출구에서 12분거리테이블 수 : 전체 18", 입식 18," 주메뉴 : 간장게장정식""	입식테이블|음식점|이용가능시설|자동문|엘리베이터|장애인화장실	http://www.wheelbusan.or.kr/board/file/download?board_number=733	2018-06-19 16:52",,
"111	관광지 주변우수업체	해운대	우뚝	""상 호 (전화번호) : 우뚝 (051-731-0232)주 소 : 해운대구 해운대해변로221번길 13(우동) 2층 위 치 : 해운대역 5번출구에서 15분테이블 수 : 전체 30", 입식 28," 주메뉴 : 해장국""	입식테이블|음식점|경사로|이용가능시설|엘리베이터	http://www.wheelbusan.or.kr/board/file/download?board_number=732	2018-06-19 16:49",,
"112	관광지 주변우수업체	해운대	일해옥	""상 호 (전화번호) : 일해옥 (051-746-8498)주 소 : 해운대구 해운대해변로 357길 15위 치 : 중독역 7번출구에서 2분테이블 수 : 전체 33", 입식 6," 주메뉴 : 돼지갈비""	입식테이블|음식점|경사로|이용가능시설	http://www.wheelbusan.or.kr/board/file/download?board_number=731	2018-06-19 16:46",,
"113	관광지 주변우수업체	해운대	백년식당	""상 호 (전화번호) : 백년식당 (051-747-8081)주 소 : 해운대구 구남로 24길 11위 치 : 해운대역 5번출구에서 7분테이블 수 : 전체 12", 입식 9," 주메뉴 : 삼겹살 ""	입식테이블|음식점|경사로|이용가능시설	http://www.wheelbusan.or.kr/board/file/download?board_number=730	2018-06-19 16:39",,
"114	관광지 주변우수업체	해운대	대도식당	""상 호(전화번호) : 대도식당 (051-726-8801)주 소 : 해운대구 동백로 52 더베이101 2층테이블 수 : 전체 50", 입식 50," 주메뉴: 한우육계장""	입식테이블|음식점|경사로|이용가능시설|자동문|장애인전용 주차구역|엘리베이터|장애인화장실	http://www.wheelbusan.or.kr/board/file/download?board_number=523	2018-06-15 16:01",,
"115	관광지 주변우수업체	해운대	고삼이생선구이	""상 호 (전화번호) 고삼이생선구이 (918-1112)주 소 해운대구 우1동 612-3 지상1층 101호위 치 해운대역 5번출구에서 차로 2분테이블 수 / 주메뉴 전체 10", 입식 3 / 생선구이류 10,"000""	장애인전용 주차구역|이용가능시설|경사로|음식점|입식테이블	http://www.wheelbusan.or.kr/board/file/download?board_number=522	2018-06-15 15:59",,
"116	관광지 주변우수업체	광안리	샤브막심	""상 호 (전화번호) : 샤브막심 (051-761-5553)주 소 : 수영구 민락수변로 29", 3층위 치 - 민락회타운 인근테이블 수 : 전체 26, 입식 26," 주메뉴 : 샤브샤브월남쌈""	입식테이블|음식점|이용가능시설	http://www.wheelbusan.or.kr/board/file/download?board_number=940	2018-12-24 16:46",
"117	관광지 주변우수업체	광안리	짜오파야 타이푸드	""상 호 (전화번호) : 짜오파야 타이푸드 (051-757-2564)주 소 : 수영구 수영로588길 7위 치 : 광안역 1번출구에서 1분테이블 수 : 전체 6", 입식 5," 메뉴 : THAI FOOD ""	입식테이블|음식점|이용가능시설	http://www.wheelbusan.or.kr/board/file/download?board_number=926	2018-12-05 16:40",,
"118	관광지 주변우수업체	광안리	할매재첩국 부산본점	상 호 (전화번호) : 할매재첩국 부산본점(051-751-7658 )주 소 : 수영구 광남로120번길 8	입식테이블|음식점|이용가능시설|자동문|장애인전용 주차구역	http://www.wheelbusan.or.kr/board/file/download?board_number=885	2018-11-02 10:21",,,,
"119	관광지 주변우수업체	광안리	홍유단	""상 호 (전화번호) : 홍유단 (051-759-4001 주 소 : 수영구 민락수변로 29", 2층(204, 205호) 위 치 - 민락회타운 인근 테이블 수 : 전체 60, 입식 50," 주메뉴 : 짜장면""	입식테이블|음식점|경사로|이용가능시설|자동문	http://www.wheelbusan.or.kr/board/file/download?board_number=740	2018-06-19 17:08"
"120	관광지 주변우수업체	광안리	오정은 김밥	""상 호 (전화번호) : 오정은 김밥 (051-752-0890)주 소 : 수영구 광안로 20", 109동 106호위 치 : 광안역 5번출구에서 5분테이블 수 : 전체 6, 입식 6," 주메뉴 : 김밥""	입식테이블|음식점|경사로|이용가능시설|자동문	http://www.wheelbusan.or.kr/board/file/download?board_number=739	2018-06-19 17:06",
"121	관광지 주변우수업체	광안리	신라횟집	""상 호 (전화번호) : 신라횟집 (051-753-2800)주 소 : 수영구 광안해변로 273-1위 치 -테이블 수 : 전체 20", 입식 11," 주메뉴 : 회비빔밥""	입식테이블|음식점|경사로|이용가능시설	http://www.wheelbusan.or.kr/board/file/download?board_number=521	2018-06-15 15:56",,
"122	관광지 주변우수업체	광안리	대물장어	""상 호 (전화번호) 대물장어 (754-0780)주 소 수영구 민락동 181-36테이블 수 / 주메뉴 전체 27", 입식 12 / 장어구이 40,"000""	이용가능시설|경사로|음식점|입식테이블	http://www.wheelbusan.or.kr/board/file/download?board_number=519	2018-06-15 15:53",,
"123	도시철도역 주변우수업체	2호선	한방족발빅마마	""상 호 (전화번호) : 한방족발빅마마 (051-624-2070) 주 소 : 수영구 남천바다로10번길 11 위 치 : 금련산역 3번출구에서 2분테이블 수 : 전체 6", 입식 6," 주메뉴 : 족발 ""	입식테이블|음식점|경사로|이용가능시설	http://www.wheelbusan.or.kr/board/file/download?board_number=972	2019-01-02 14:38",,
"124	도시철도역 주변우수업체	2호선	심청이왕족발	""상 호 (전화번호) : 심청이왕족발 (051-896-5357) 주 소 : 부산진구 가야대로 588번길 14 위 치 : 동의대역 3번출구에서 6분테이블 수 : 전체 9", 입식 9, 주메뉴 : 족발," 쟁반국수 ""	입식테이블|음식점|이용가능시설	http://www.wheelbusan.or.kr/board/file/download?board_number=971	2019-01-02 13:34",
"125	도시철도역 주변우수업체	2호선	통영어부의밥상	""상 호 (전화번호) : 통영어부의밥상 (051-311-7757) 주 소 : 사상구 가야대로 334위 치 : 주례역 5번출구에서 9분 테이블 수 : 전체 30", 입식 20," 주메뉴 : 어부의밥상""	입식테이블|음식점|경사로|이용가능시설	http://www.wheelbusan.or.kr/board/file/download?board_number=969	2019-01-02 12:06",,
"126	도시철도역 주변우수업체	2호선	심청이왕족발	""상 호 (전화번호) : 심청이왕족발 (051-896-5357) 주 소 : 부산진구 가야대로 588번길 위 치 : 동의대역 3번출구에서 6분 테이블 수 : 전체 9", 입식 9, 주메뉴 : 족발," 쟁밥국수 ""	입식테이블|음식점|이용가능시설	http://www.wheelbusan.or.kr/board/file/download?board_number=963	2018-12-31 14:16",
"127	도시철도역 주변우수업체	2호선	밥이랑술이랑	""상 호 (전화번호) : 밥이랑술이랑 (051-990-9210) 주 소 : 수영구 광안로 21번길2 위 치 : 광안역 5번출구에서 4분 테이블 수 : 전체 5", 입식 5," 주메뉴 : 소고기잡채덮밥 ""	입식테이블|음식점|이용가능시설	http://www.wheelbusan.or.kr/board/file/download?board_number=959	2018-12-31 11:15",,
"128	도시철도역 주변우수업체	2호선	짜오파야 타이푸드	""상 호 (전화번호) : 짜오파야 타이푸드 (051-757-2564)주 소 : 수영구 수영로588길 7위 치 : 광안역 1번출구에서 1분테이블 수 : 전체 6", 입식 5," 메뉴 : THAI FOOD""	입식테이블|음식점|이용가능시설	http://www.wheelbusan.or.kr/board/file/download?board_number=925	2018-12-05 16:35",,
"129	도시철도역 주변우수업체	2호선	할매재첩국 부산본점	상 호 (전화번호) : 할매재첩국 부산본점(051-751-7658 ) 주 소 : 수영구 광남로120번길 8위 치 : 금련산역 3번출구에서 12분 거리테	입식테이블|음식점|이용가능시설|장애인전용 주차구역	http://www.wheelbusan.or.kr/board/file/download?board_number=886	2018-11-02 10:29",,,,
"130	도시철도역 주변우수업체	2호선	정든대구탕	상 호 (전화번호) : 정든대구탕 (051-703-0303) 주 소 : 해운대구 해운대해변로291(중동 크리스탈비치 로비층) 위치 : 해운대역 3번 출구에서	입식테이블|음식점|이용가능시설|엘리베이터	http://www.wheelbusan.or.kr/board/file/download?board_number=875	2018-10-11 15:06",,,,
"131	도시철도역 주변우수업체	2호선	해운대원조 할매국밥	""상 호 (전화번호) : 해운대원조 할매국밥 (051-731-2866)주 소 : 해운대구 구남로21번길 27(우동)위 치 : 해운대역 5번출구에서 3분거리테이블 수 : 전체 22", 입식 18," 주메뉴 : 소고기국밥""	입식테이블|음식점|이용가능시설|장애인전용 주차구역	http://www.wheelbusan.or.kr/board/file/download?board_number=833	2018-07-19 16:09",,
"132	도시철도역 주변우수업체	2호선	할매집	""상 호 (전화번호) : 할매집 (051-741-1184~5)주 소 : 해운대구 중동2로10번길 7 (해운대구청앞)위 치 : 해운대역 5번출구에서 차로 5분테이블 수 : 전체 32", 입식 11," 주메뉴 : 돼지국밥""	입식테이블|음식점|경사로|이용가능시설|자동문	http://www.wheelbusan.or.kr/board/file/download?board_number=832	2018-07-19 16:08",,
"133	도시철도역 주변우수업체	2호선	해운대大동일	""상 호 (전화번호) : 해운대大동일 (051-747-4200)주 소 : 해운대구 중동1로 43길 9테이블 수 : 전체 27", 입식 16," 주메뉴 : 갈치구이""	입식테이블|음식점|경사로|이용가능시설	http://www.wheelbusan.or.kr/board/file/download?board_number=831	2018-07-19 16:06",,
"134	도시철도역 주변우수업체	2호선	춘하추동	""상 호 (전화번호) : 춘하추동 (051-746-8658)주 소 : 해운대구 해운대해변로265번길 13(우동)위 치 : 해운대역 5번출구에서 5분테이블 수 : 전체 37", 입식 30," 주메뉴 : 밀면""	입식테이블|음식점|경사로|이용가능시설|자동문	http://www.wheelbusan.or.kr/board/file/download?board_number=830	2018-07-19 16:04",,
"135	도시철도역 주변우수업체	2호선	참보리밥 앤 청국장	""상 호 (전화번호) : 참보리밥 앤 청국장 (070-7340-5236)주 소 : 해운대구 구남로21번길 21(우동)위 치 : 해운대역 5번출구에서 차로 2분테이블 수 : 전체 10", 입식 3," 주메뉴 : 보리밥""	입식테이블|음식점|경사로|이용가능시설	http://www.wheelbusan.or.kr/board/file/download?board_number=829	2018-07-19 16:03",,
"136	도시철도역 주변우수업체	2호선	이하정 간장게장	""상 호 (전화번호) : 이하정 간장게장 (051-747-2389)주 소 : 해운대구 해운대해변로 257 하버타운 305호위 치 : 해운대역 5번출구에서 12분거리테이블 수 : 전체 18", 입식 18," 주메뉴 : 간장게장정식""	입식테이블|음식점|이용가능시설|자동문|엘리베이터|장애인화장실	http://www.wheelbusan.or.kr/board/file/download?board_number=828	2018-07-19 16:00",,
"137	도시철도역 주변우수업체	2호선	우뚝	""상 호 (전화번호) : 우뚝 (051-731-0232)주 소 : 해운대구 해운대해변로221번길 13(우동) 2층 위 치 : 해운대역 5번출구에서 15분테이블 수 : 전체 30", 입식 28," 주메뉴 : 해장국""	입식테이블|음식점|경사로|이용가능시설|엘리베이터	http://www.wheelbusan.or.kr/board/file/download?board_number=827	2018-07-19 15:57",,
"138	도시철도역 주변우수업체	2호선	일해옥	""상 호 (전화번호) 일해옥 (746-8498)주 소 해운대구 해운대해변로 357길 15위 치 중독역 7번출구에서 2분테이블 수 / 주메뉴 전체 33", 입식 6 / 돼지갈비 10,"000""	입식테이블|음식점|경사로|이용가능시설	http://www.wheelbusan.or.kr/board/file/download?board_number=826	2018-07-19 15:56",,
"139	도시철도역 주변우수업체	2호선	백년식당	""상 호 (전화번호) : 백년식당 (051-747-8081)주 소 : 해운대구 구남로 24길 11위 치 : 해운대역 5번출구에서 7분테이블 수 : 전체 12", 입식 9," 주메뉴 : 삼겹살""	-	http://www.wheelbusan.or.kr/board/file/download?board_number=825	2018-07-19 15:54",,
"140	도시철도역 주변우수업체	2호선	대도식당	""상 호(전화번호) : 대도식당 (051-726-8801)주 소 : 해운대구 동백로 52 더베이101 2층테이블 수 : 전체 50"," 입식 50</P>\r\n주메뉴 : 한우육계장 ""	입식테이블|음식점|경사로|이용가능시설|자동문|장애인전용 주차구역|엘리베이터|장애인화장실	http://www.wheelbusan.or.kr/board/file/download?board_number=824	2018-07-19 15:52",,,
"141	도시철도역 주변우수업체	2호선	오륙도수제순대	""상 호 (전화번호) : 오륙도수제순대 (051-747-5650)(구)고삼이 생선구이 해운대점주 소 : 해운대구 구남로 21번길 17(우동)", 1층위 치 : 해운대역 1번출구에서 7분테이블 수 : 전체 8, 입식 8, 주메뉴 : 뚝배기탕," 수제순대""	입식테이블|음식점|경사로|이용가능시설	http://www.wheelbusan.or.kr/board/file/download?board_number=818	2018-07-18 16:38"
"142	도시철도역 주변우수업체	2호선	해양산국밥	""상 호 (전화번호) : 해양산국밥 (055-388-3599)주 소 : 경남 양산시 물금읍 증산역로 163 재승프라자1층위 치 : 증산역 1번출구에서 6분테이블 수 : 전체 23", 입식 16," 주메뉴 : 얼큰우동국밥""	입식테이블|음식점|이용가능시설|자동문	http://www.wheelbusan.or.kr/board/file/download?board_number=662	2018-06-19 9:13",,
"143	도시철도역 주변우수업체	2호선	리앙	""상 호 (전화번호) : 리앙 (055-366-5553)주 소 : 양산시 물금읍 야리1길-11 (2층)위 치 : 증산역 1번출구에서 7분테이블 수 : 전체 14", 입식 14," 주메뉴 : 리앙짜장면 ""	입식테이블|음식점|이용가능시설|엘리베이터	http://www.wheelbusan.or.kr/board/file/download?board_number=661	2018-06-19 9:11",,
"144	도시철도역 주변우수업체	2호선	호포꼬리곰탕	""상 호 (전화번호) : 호포꼬리곰탕 (055-388-1719)주 소 : 양산시 호포로 33위 치 : 호포역 3번출구에서 7분테이블 수 : 전체 11", 입식 11," 주메뉴 : 곰탕""	입식테이블|음식점|이용가능시설|자동문|엘리베이터	http://www.wheelbusan.or.kr/board/file/download?board_number=660	2018-06-19 9:08",,
"145	도시철도역 주변우수업체	2호선	제주돈이랑	""상 호 (전화번호) : 제주돈이랑 (055-366-5392)주 소 : 양산시 동면 호포로 17", 1층위 치 : 호포역 3번출구에서 5분테이블 수 : 전체 30, 입식 20," 주메뉴 : 제주흑돼지오겹""	입식테이블|음식점|이용가능시설|자동문	http://www.wheelbusan.or.kr/board/file/download?board_number=659	2018-06-19 9:06",
"146	도시철도역 주변우수업체	2호선	송담추어탕	""상 호 (전화번호) : 송담추어탕 (051-362-0806)주 소 : 부산 북구 효열로219번길 48위 치 : 금곡역 6번출구에서 5분테이블 수 : 전체 12", 입식 8," 주메뉴 : 추어탕""	입식테이블|음식점|이용가능시설|자동문	http://www.wheelbusan.or.kr/board/file/download?board_number=658	2018-06-19 9:02",,
"147	도시철도역 주변우수업체	2호선	참숯갈비살	""상 호 (전화번호) : 참숯갈비살 (051-365-3339)주 소 : 북구 금곡대로616길 134위 치 : 금곡역 6번출구에서 2분테이블 수 : 전체 12", 입식 4 ," 주메뉴 : 숯불갈비""	입식테이블|음식점|경사로|이용가능시설	http://www.wheelbusan.or.kr/board/file/download?board_number=651	2018-06-18 17:14",,
"148	도시철도역 주변우수업체	2호선	황고집 돼지국밥	""상 호 (전화번호) : 황고집 돼지국밥 (051-361-8685)주 소 : 부산 북구 학사로 293위 치 : 율리역 3번출구에서 3분테이블 수 : 전체 18", 입식 10," 주메뉴 : 돼지국밥""	입식테이블|음식점|경사로|이용가능시설	http://www.wheelbusan.or.kr/board/file/download?board_number=650	2018-06-18 17:12",,
"149	도시철도역 주변우수업체	2호선	호박촌 숯불구이	""상 호 (전화번호) : 호박촌 숯불구이 (051-362-2020)주 소 : 북구 금곡대로303길 2 (화명시티타워 2층)위 치 : 화명역 5번출구에서 5분테이블 수 : 전체 26", 입식 12," 주메뉴 : 숯불정식""	입식테이블|음식점|이용가능시설|엘리베이터	http://www.wheelbusan.or.kr/board/file/download?board_number=649	2018-06-18 17:09",,
"150	도시철도역 주변우수업체	2호선	무쏘	""상 호 (전화번호) : 무쏘 (051-362-7771)주 소 : 북구 화명동 2278-3위 치 : 화명역 5번출구에서 10분테이블 수 : 전체 38", 입식 38," 주메뉴 : 무한리필소고기""	음식점|이용가능시설|자동문	http://www.wheelbusan.or.kr/board/file/download?board_number=648	2018-06-18 17:07",,
"151	도시철도역 주변우수업체	2호선	불막열삼	""상 호 (전화번호) : 불막열삼 (051-363-9663)주 소 : 북구 학사로17길 9위 치 : 수정역 1번출구에서 6분테이블 수 : 전체 15", 입식 15," 주메뉴 : 불막창""	-	http://www.wheelbusan.or.kr/board/file/download?board_number=647	2018-06-18 17:03",,
"152	도시철도역 주변우수업체	2호선	할매충무김밥	""상 호 (전화번호) : 할매충무김밥 (051-363-7333)주 소 : 북구 화명동 2337 비스타상가위 치 : 수정역 1번출구에서 3분테이블 수 : 전체 6", 입식 6," 주메뉴 : 충무김밥""	입식테이블|음식점|이용가능시설|자동문	http://www.wheelbusan.or.kr/board/file/download?board_number=646	2018-06-18 17:00",,
"153	도시철도역 주변우수업체	2호선	전주남문토종순대국	""상 호 (전화번호) : 전주남문토종순대국 (051-333-2902)주 소 : 부산 북구 백양대로 1199-11위 치 : 덕천역 3번출구에서 3분테이블 수 : 전체 16", 입식 16," 주메뉴 : 남문순대국""	입식테이블|음식점|이용가능시설	http://www.wheelbusan.or.kr/board/file/download?board_number=645	2018-06-18 16:58",,
"154	도시철도역 주변우수업체	2호선	덕천고가	""상 호 (전화번호) : 덕천고가 (051-337-3939)주 소 : 북구 백양대로 1182위 치 : 덕천역 2번출구에서 7분테이블 수 : 전체 30", 입식 18," 주메뉴 : 장국""	입식테이블|음식점|이용가능시설|자동문	http://www.wheelbusan.or.kr/board/file/download?board_number=644	2018-06-18 16:55",,
"155	도시철도역 주변우수업체	2호선	불란다쭈꾸미	""상 호 (전화번호) : 불란다쭈꾸미 (051-332-4125)주 소 : 북구 만덕대로16길 27위 치 : 덕천역 9번출구에서 5분테이블 수 : 전체 21", 입식 21," 주메뉴 : 쭈꾸미세트""	입식테이블|음식점|경사로|이용가능시설|자동문	http://www.wheelbusan.or.kr/board/file/download?board_number=643	2018-06-18 16:52",,
"156	도시철도역 주변우수업체	2호선	두툼왕돈까스	""상 호 (전화번호) : 두툼왕돈까스 (051-332-9790)주 소 : 북구 덕천1길 9 중앙빌딩 2층위 치 : 덕천역 9번출구에서 6분테이블 수 : 전체 8", 입식 6," 주메뉴 : 두툼돈까스""	입식테이블|음식점|이용가능시설|자동문|엘리베이터	http://www.wheelbusan.or.kr/board/file/download?board_number=642	2018-06-18 16:49",,
"157	도시철도역 주변우수업체	2호선	월홍갈비	""상 호 (전화번호) : 월홍갈비 (051-949-3883)주 소 : 북구 백양대로 1034위 치 : 구남역 4번출구에서 3분테이블 수 : 전체 20", 입식 5," 주메뉴 : 월홍갈비""	입식테이블|음식점|이용가능시설	http://www.wheelbusan.or.kr/board/file/download?board_number=641	2018-06-18 16:47",,
"158	도시철도역 주변우수업체	2호선	삼겹파티	""상 호 (전화번호) : 삼겹파티 (051-341-8636)주 소 : 북구 구포동 916위 치 : 구남역 3번출구에서 5분테이블 수 : 전체 25", 입식 25," 주메뉴 : 삼겹파티모듬 ""	입식테이블|음식점|이용가능시설	http://www.wheelbusan.or.kr/board/file/download?board_number=640	2018-06-18 16:44",,
"159	도시철도역 주변우수업체	2호선	통뼈감자탕	""상 호 (전화번호) : 통뼈감자탕 (051-303-2017)주 소 : 사상구 사상로 511위 치 : 모라역 3번출구에서 1분테이블 수 : 전체 26", 입식 17," 주메뉴 : 통뼈감자탕""	입식테이블|음식점|이용가능시설|자동문	http://www.wheelbusan.or.kr/board/file/download?board_number=639	2018-06-18 16:42",,
"160	도시철도역 주변우수업체	2호선	오리명가	""상 호 (전화번호) : 오리명가 (051-327-8255)주 소 : 부산 사상구 백양대로 887-26위 치 : 모라역 2번출구에서 10분테이블 수 : 전체 29", 입식 6," 주메뉴 : 유황생오리""	입식테이블|음식점|경사로|이용가능시설|엘리베이터	http://www.wheelbusan.or.kr/board/file/download?board_number=638	2018-06-18 16:38",,
"161	도시철도역 주변우수업체	2호선	24시전주명가콩나물국밥	""상 호 (전화번호) : 24시전주명가콩나물국밥 (051-303-3665)주 소 : 사상구 사상로 332위 치 : 덕포역 4번출구에서 1분테이블 수 : 전체 22", 입식 14," 주메뉴 : 콩나물국밥""	입식테이블|음식점|경사로|이용가능시설	http://www.wheelbusan.or.kr/board/file/download?board_number=637	2018-06-18 16:35",,
"162	도시철도역 주변우수업체	2호선	대박집	""상 호 (전화번호) : 대박집 (051-301-9294)주 소 : 부산 사상구 사상로 331위 치 : 덕포역 3번출구에서 1분테이블 수 : 전체 100", 입식 50," 주메뉴 : 대박삼겹살""	입식테이블|음식점|경사로|이용가능시설|자동문	http://www.wheelbusan.or.kr/board/file/download?board_number=636	2018-06-18 16:32",,
"163	도시철도역 주변우수업체	2호선	해운대신대구탕	""상 호 (전화번호) : 해운대신대구탕 (051-323-1113)주 소 : 사상구 괘법동 560-25위 치 : 사상역 1번출구에서 5분테이블 수 : 전체 27", 입식 17," 주메뉴 : 대구탕""	입식테이블|음식점|이용가능시설|자동문|장애인전용 주차구역	http://www.wheelbusan.or.kr/board/file/download?board_number=635	2018-06-18 16:30",,
"164	도시철도역 주변우수업체	2호선	해돋이 아구동태찜·탕	""상 호 (전화번호) 해돋이 아구동태찜·탕 (322-4909)주 소 사상구 광장로 93위 치 2번출구에서 2분테이블 수 / 주메뉴 전체 12", 입식 12 / 대구탕 10,"000""	자동문|이용가능시설|경사로|음식점|입식테이블	http://www.wheelbusan.or.kr/board/file/download?board_number=634	2018-06-18 16:27",,
"165	도시철도역 주변우수업체	2호선	최뼈다구 해장국	""상 호 (전화번호) : 최뼈다구 해장국 (051-322-7577)주 소 : 사상구 광장로 95-1위 치 : 사상역 2번출구에서 3분테이블 수 : 전체 22", 입식 13," 주메뉴 : 해장국""	입식테이블|음식점|경사로|이용가능시설	http://www.wheelbusan.or.kr/board/file/download?board_number=633	2018-06-18 16:24",,
"166	도시철도역 주변우수업체	2호선	오늘김해뒷고기	""상 호 (전화번호) : 오늘김해뒷고기 (010-9000-7763)주 소 : 사상구 사상로 212길 21위 치 : 사상역 6번출구에서 6분테이블 수 : 전체 15", 입식 15," 주메뉴 : 뒷고기""	입식테이블|음식점|이용가능시설	http://www.wheelbusan.or.kr/board/file/download?board_number=632	2018-06-18 16:22",,
"167	도시철도역 주변우수업체	2호선	항도오복맛집	""상 호 (전화번호) : 항도오복맛집 (051-316-0760)주 소 : 사상구 학감대로 238-22 (사상구청 정문앞 1층)위 치 : 감전역 1번출구에서 8분테이블 수 : 전체 14", 입식 14," 주메뉴 : 도다리미역국 ""	입식테이블|음식점|경사로|이용가능시설	http://www.wheelbusan.or.kr/board/file/download?board_number=631	2018-06-18 16:19",,
"168	도시철도역 주변우수업체	2호선	삼창식당	""상 호 (전화번호) : 삼창식당 (051-317-3394)주 소  : 사상구 학감대로232 사상와이드빌 1층(사상구청 근처)위 치 : 감전역 1번출구에서 8분테이블 수 : 전체 42", 입식 24,"주메뉴 : 정식""	입식테이블|음식점|경사로|이용가능시설|자동문	http://www.wheelbusan.or.kr/board/file/download?board_number=630	2018-06-18 16:16",,
"169	도시철도역 주변우수업체	2호선	김밥일번지	""상 호 (전화번호) : 김밥일번지 (051-312-7110)주 소 : 사상구 가야대로306길 14 (동주시장마트 옆)위 치 : 주례역 5번출구에서 7분테이블 수 : 전체 7", 입식 7," 주메뉴 : 김밥""	입식테이블|음식점|이용가능시설	http://www.wheelbusan.or.kr/board/file/download?board_number=629	2018-06-18 16:13",,
"170	도시철도역 주변우수업체	2호선	목촌한우	""상 호 (전화번호) : 목촌한우 (051-317-6699)주 소 : 사상구 가야대로 305 (육교 옆)위 치 : 주례역 6번출구에서 5분 (육교방면)테이블 수 : 전체 27", 입식 8," 주메뉴 : 한우국밥""	입식테이블|음식점|경사로|이용가능시설|엘리베이터	http://www.wheelbusan.or.kr/board/file/download?board_number=628	2018-06-18 16:11",,
"171	도시철도역 주변우수업체	2호선	콩다리	""상 호 (전화번호) 콩다리 (323-8635)주 소 사상구 가야대로 334 (기아자동차 옆)위 치 3번출구에서 4분테이블 수 / 주메뉴 전체 30", 입식 6 / 콩나물국밥 3,"800""	입식테이블|음식점|경사로|이용가능시설	http://www.wheelbusan.or.kr/board/file/download?board_number=627	2018-06-18 16:08",,
"172	도시철도역 주변우수업체	2호선	산애들	""상 호 (전화번호) : 산애들 (051-891-5900)주 소 : 부산진구 가야대로 451 (개금메디컬빌딩 2층)위 치 : 개금역 4번출구에서 3분테이블 수 : 전체 28", 입식 16," 주메뉴 : 목심샤브샤브  편의점 옆 B통로로 들어가서 엘리베이터를 타고 2층으로 진입""	입식테이블|음식점|이용가능시설|자동문|엘리베이터|장애인화장실	http://www.wheelbusan.or.kr/board/file/download?board_number=626	2018-06-18 16:05",,
"173	도시철도역 주변우수업체	2호선	오복미역	""상호(전화번호) : 오복미역(051-898-9791 주소  : 부산진구 가야대로 451", 108호 (개금메디컬빌딩 위치 : 개금역 4번출구에서 3분 테이블 수 : 전체 18, 입식 14," 주메뉴 : 가자미미역국""	입식테이블|음식점|이용가능시설|엘리베이터|장애인화장실	http://www.wheelbusan.or.kr/board/file/download?board_number=625	2018-06-18 16:03",
"174	도시철도역 주변우수업체	2호선	춘하추동부산밀면	""상 호 (전화번호) : 춘하추동부산밀면(051-818-7636)주 소 : 부산진구 가야대로703번길 9위 치 : 부암역 6번출구 5분테이블 수 : 전체 12", 입식 6," 주메뉴 : 밀면""	입식테이블|음식점|이용가능시설|자동문	http://www.wheelbusan.or.kr/board/file/download?board_number=624	2018-06-18 15:47",,
"175	도시철도역 주변우수업체	2호선	루이하우스	""상 호 (전화번호) : 루이하우스 (051-636-4920)주 소 : 남구 문현금융로 40 (BIFC몰 301호)위 치 : 국제금융센터역 3번출구에서 3분테이블 수 : 전체 20", 입식 20," 주메뉴 : 떡갈비스테이크 ""	입식테이블|음식점|이용가능시설|장애인전용 주차구역|엘리베이터|장애인화장실	http://www.wheelbusan.or.kr/board/file/download?board_number=623	2018-06-18 15:45",,
"176	도시철도역 주변우수업체	2호선	개정	""상 호 (전화번호) : 개정 (051-633-8787)주 소 : 남구 문현금융로 40 (BIFC몰 3층)위 치 : 국제금융센터역 3번출구에서 3분테이블 수 : 전체 20", 입식 20," 주메뉴 : 돌솥비빔밥 ""	입식테이블|음식점|이용가능시설|자동문|장애인전용 주차구역|엘리베이터|장애인화장실	http://www.wheelbusan.or.kr/board/file/download?board_number=622	2018-06-18 15:42",,
"177	도시철도역 주변우수업체	2호선	더도이 종가집 돼지국밥	""상 호 (전화번호) : 더도이 종가집 돼지국밥 (051-633-7600)주 소 : 남구 전포대로 11위 치 : 문현역 1번출구에서 2분테이블 수 : 전체 33", 입식 20," 주메뉴 : 돼지국밥 ""	입식테이블|음식점|이용가능시설	http://www.wheelbusan.or.kr/board/file/download?board_number=621	2018-06-18 15:39",,
"178	도시철도역 주변우수업체	2호선	연일곱창	""상 호 (전화번호) : 연일곱창 (051-645-2266)주 소 : 부산 남구 지게골로 5 (곱창골목 內)위 치 : 지게골역 1번출구에서 9분테이블 수 : 전체 15", 입식 12," 주메뉴 : 곱창구이 ""	입식테이블|음식점|경사로|이용가능시설	http://www.wheelbusan.or.kr/board/file/download?board_number=620	2018-06-18 15:30",,
"179	도시철도역 주변우수업체	2호선	마당쇠빨간쭈꾸미	""상 호 (전화번호) : 마당쇠빨간쭈꾸미 (051-633-0789)주 소 : 남구 수영로 72 (문현동)위 치 : 지게골역 1번출구에서 1분테이블 수 : 전체 21", 입식 15," 주메뉴 : 쭈꾸미set ""	입식테이블|음식점|경사로|이용가능시설|자동문	http://www.wheelbusan.or.kr/board/file/download?board_number=619	2018-06-18 15:27",,
"180	도시철도역 주변우수업체	2호선	명가숯불장어구이	""상 호 (전화번호) : 명가숯불장어구이 (051-627-4920)주 소 : 남구 대연동 1762-3번지 (웰리스병원 옆)위 치 : 못골역 4번출구에서 5분거리테이블 수 : 전체 18", 입식 8," 주메뉴 : 장어탕 ""	입식테이블|음식점|경사로|이용가능시설	http://www.wheelbusan.or.kr/board/file/download?board_number=618	2018-06-18 15:24",,
"181	도시철도역 주변우수업체	2호선	복장군돼지국밥	""상 호 (전화번호) : 복장군돼지국밥 (051-623-9921)주 소 : 남구 천제등로 11 동성하이타운상가 1층위 치 : 못골역 3번출구에서 5분테이블 수 : 전체 16", 입식 5," 주메뉴 : 따로 돼지국밥""	입식테이블|음식점|이용가능시설	http://www.wheelbusan.or.kr/board/file/download?board_number=617	2018-06-18 15:07",,
"182	도시철도역 주변우수업체	2호선	고기극장	""상 호 (전화번호) 고기극장 (628-7001)주 소 남구 대연1동 888-8 (호텔코리아)위 치 3번출구에서 5분테이블 수 / 주메뉴 전체 49", 입식 19 / 연인SET 20,"000""	입식테이블|음식점|경사로|이용가능시설	http://www.wheelbusan.or.kr/board/file/download?board_number=616	2018-06-18 15:04",,
"183	도시철도역 주변우수업체	2호선	와사비 꼬막정식 전문점	""상 호 (전화번호) : 와사비 꼬막정식 전문점 (051-612-7972)주 소 : 남구 유엔평화로3번길 8위 치 : 대연역 3번출구에서 1분테이블 수 : 전체 16", 입식 13," 주메뉴 : 꼬막정식 ""	입식테이블|음식점|경사로|이용가능시설	http://www.wheelbusan.or.kr/board/file/download?board_number=615	2018-06-18 15:02",,
"184	도시철도역 주변우수업체	2호선	자연별곡	""상 호 (전화번호) : 자연별곡 (051-628-0540)주 소 : 남구 수영로 305 (스파크빌딩 4층)위 치 : 경성대역 2번출구에서 7분테이블 수 : 전체 60", 입식 60," 주메뉴 : 한식뷔페""	입식테이블|음식점|이용가능시설|자동문|장애인전용 주차구역|엘리베이터|장애인화장실	http://www.wheelbusan.or.kr/board/file/download?board_number=614	2018-06-18 14:59",,
"185	도시철도역 주변우수업체	2호선	진주비빔밥	""상 호 (전화번호) : 진주비빔밥 (051-610-0220)주 소 : 남구 수영로 312 (센츄리빌딩 지하 식당가)위 치 : 경성대역 역내지하통로 로 진입테이블 수 : 전체 10", 입식 5," 주메뉴 : 진주비빔밥""	입식테이블|음식점|이용가능시설	http://www.wheelbusan.or.kr/board/file/download?board_number=613	2018-06-18 14:57",,
"186	도시철도역 주변우수업체	2호선	부자네맷돌순두부	""상 호 (전화번호) : 부자네맷돌순두부 (051-622-6031)주 소 : 부산 남구 수영로346번길 11", 해모르빌딩 2층위 치 : 경성대역 3번출구에서 7분테이블 수 : 전체 17, 입식 13," 주메뉴 : 순두부""	입식테이블|음식점|이용가능시설|자동문|엘리베이터	http://www.wheelbusan.or.kr/board/file/download?board_number=612	2018-06-18 14:26",
"187	도시철도역 주변우수업체	2호선	계절밥상	""상 호 (전화번호) : 계절밥상 (051-626-2013)주 소 : 남구 대연동 54-5 리마크빌 2층위 치 : 경성대역 3번출구에서 2분테이블 수 : 전체 75", 입식 55,"주메뉴 : 평일런""	입식테이블|음식점|이용가능시설|자동문|장애인전용 주차구역|엘리베이터|장애인화장실	http://www.wheelbusan.or.kr/board/file/download?board_number=611	2018-06-18 14:21",,
"188	도시철도역 주변우수업체	2호선	헬로쭈꾸미&보쌈	""상 호 (전화번호) : 헬로쭈꾸미&보쌈 (051-622-0118)주 소 : 수영구 남천동 317-2위 치 : 남천역 3번출구에서 5분테이블 수 : 전체 32", 입식 10," 주메뉴 : 쭈꾸미정식 ""	입식테이블|음식점|이용가능시설|장애인전용 주차구역	http://www.wheelbusan.or.kr/board/file/download?board_number=610	2018-06-18 14:17",,
"189	도시철도역 주변우수업체	2호선	다리집	""상 호 (전화번호) : 다리집 (051-625-0130)주 소 : 수영구 수영로464번길 7위 치 : 금련산역 3번출구에서 5분테이블 수 : 전체 28", 입식 28," 주메뉴 : 분식류""	입식테이블|음식점|경사로|이용가능시설	http://www.wheelbusan.or.kr/board/file/download?board_number=609	2018-06-18 14:12",,
"190	도시철도역 주변우수업체	2호선	광안돼지국밥	""상 호 (전화번호) : 광안돼지국밥 (051-757-9255)주 소 : 수영구 수영로594길 19 흑석하이츠 1층위 치 : 관안역 1번출구에서 1분테이블 수 : 전체 11", 입식 11," 주메뉴 : 돼지국밥 ""	입식테이블|음식점|경사로|이용가능시설	http://www.wheelbusan.or.kr/board/file/download?board_number=608	2018-06-18 12:02",,
"191	도시철도역 주변우수업체	2호선	무무돈까스	""상 호 (전화번호) : 무무돈까스 (051-754-5553)주 소 : 수영구 광안로7길 8위 치 : 광안역 5번출구에서 3분테이블 수 : 전체 10", 입식 10," 주메뉴 : 돈까스 ""	입식테이블|음식점|경사로|이용가능시설|자동문	http://www.wheelbusan.or.kr/board/file/download?board_number=607	2018-06-18 11:54",,
"192	도시철도역 주변우수업체	2호선	팔도명가국밥	""상 호 (전화번호) : 팔도명가국밥 (051-758-3999)주 소 : 수영구 수영동 312-1위 치 : 수영역 2번출구에서 3분테이블 수 : 전체 16", 입식 16," 주메뉴 : 돼지국밥 ""	입식테이블|음식점|이용가능시설	http://www.wheelbusan.or.kr/board/file/download?board_number=606	2018-06-18 11:50",,
"193	도시철도역 주변우수업체	2호선	24시전주콩나물국밥	""상 호 (전화번호) : 24시전주콩나물국밥 (051-752-6362)주 소 : 수영구 연수로 407-1위 치 : 수영역 2번출구에서 1분테이블 수 : 전체 20", 입식 14," 주메뉴 : 콩나물국밥 ""	입식테이블|음식점|이용가능시설|자동문	http://www.wheelbusan.or.kr/board/file/download?board_number=605	2018-06-18 11:48",,
"194	도시철도역 주변우수업체	2호선	외가집	""상 호 (전화번호) : 외가집 (051-759-9294)주 소 : 수영구 수영로 726위 치 : 민락역 1번출구에서 6분테이블 수 : 전체 50", 입식 21," 주메뉴 : 갈비탕""	입식테이블|음식점|경사로|이용가능시설|자동문	http://www.wheelbusan.or.kr/board/file/download?board_number=604	2018-06-18 11:45",,
"195	도시철도역 주변우수업체	2호선	와와돈까스	""상 호 (전화번호) : 와와돈까스 (051-752-7574)주 소 : 수영구 수영로 754 (센텀비스타 동원1차상가 102호)위 치 : 민락역 1번출구에서 3분테이블 수 : 전체 5", 입식 5," 주메뉴 : 등심돈까스""	입식테이블|음식점|이용가능시설|엘리베이터	http://www.wheelbusan.or.kr/board/file/download?board_number=603	2018-06-18 11:42",,
"196	도시철도역 주변우수업체	2호선	수제왕돈까스	""상 호 (전화번호) : 수제왕돈까스 (051-741-3660)주 소 : 해운대구 우동 1506번지 (센텀스퀘어상가 109호)위 치 : 센텀시티역 3번출구에서 3분테이블 수 : 전체 20", 입식 20," 주메뉴 : 돈까스""	입식테이블|음식점|이용가능시설|자동문	http://www.wheelbusan.or.kr/board/file/download?board_number=602	2018-06-18 11:39",,
"197	도시철도역 주변우수업체	2호선	일광수산횟집	""상 호 (전화번호) : 일광수산횟집 (051-743-0004)주 소 : 해운대구 해운대로570번길 12위 치 : 해운대역 5번출구에서 15분테이블 수 : 전체 12", 입식 9, 주메뉴 : 은복," 밀복""	입식테이블|음식점|이용가능시설|자동문	http://www.wheelbusan.or.kr/board/file/download?board_number=601	2018-06-18 11:37",
"198	도시철도역 주변우수업체	2호선	고등어사랑	""상 호 (전화번호) : 고등어사랑 (051-746-9092)주 소 : 해운대구 해운대로594번길 5(우동)위 치 : 해운대역 7번출구에서 7분테이블 수 : 전체 12", 입식 12," 주메뉴 : 고등어구이""	입식테이블|음식점|경사로|이용가능시설|자동문	http://www.wheelbusan.or.kr/board/file/download?board_number=600	2018-06-18 11:34",,
"199	도시철도역 주변우수업체	2호선	해운사계	""상 호 (전화번호) : 해운사계 (051-731-0041)주 소 : 해운대구 구남로8번길 71위 치 : 해운대역 7번출구에서 10분테이블 수 : 전체 14", 입식 14," 주메뉴 : 보쌈정식""	입식테이블|음식점|이용가능시설|자동문	http://www.wheelbusan.or.kr/board/file/download?board_number=599	2018-06-18 11:31",,
"200	도시철도역 주변우수업체	2호선	오발탄	""상 호 (전화번호) : 오발탄 (051-746-6080)주 소 : 해운대구 해운대로570길 10 (그랜드호텔 뒤)위 치 : 해운대역 7번출구에서 10분테이블 수 : 전체 21", 입식 11," 주메뉴 : 한우차돌박이""	입식테이블|음식점|경사로|이용가능시설|자동문	http://www.wheelbusan.or.kr/board/file/download?board_number=598	2018-06-18 11:29",,
"201	도시철도역 주변우수업체	2호선	더도이종가집돼지국밥	""상 호 (전화번호) : 더도이종가집돼지국밥 (051-746-9882)주 소 : 해운대구 좌동순환로 8번길 16 위 치 : 중동역 6번출구에서 1분테이블 수 : 전체 20", 입식 10," 주메뉴 : 돼지국밥 * 주차장 옆으로 돌아서 경사로로 출입""	입식테이블|음식점|경사로|이용가능시설|자동문	http://www.wheelbusan.or.kr/board/file/download?board_number=489	2018-06-15 14:10",,
"202	도시철도역 주변우수업체	2호선	신창국밥	""상 호 (전화번호) : 신창국밥 (051-702-4779)주 소 : 해운대구 세실로27번길 21위 치 : 장산역 5번출구 에서 5분테이블 수 : 전체 12", 입식 9," 주메뉴 : 돼지국밥""	입식테이블|음식점|경사로|이용가능시설	http://www.wheelbusan.or.kr/board/file/download?board_number=488	2018-06-15 14:09",,
"203	도시철도역 주변우수업체	2호선	수제 왕 돈까스	""상 호 (전화번호) : 수제 왕 돈까스 (051-704-8820)주 소 : 부산 해운대구 해운대로 814 세종월드프라자 B동 161호위 치 : 장산역 5번출구에서 3분테이블 수 : 전체 6", 입식 3," 주메뉴 : 돈까스 ""	입식테이블|음식점|이용가능시설|자동문|장애인화장실	http://www.wheelbusan.or.kr/board/file/download?board_number=486	2018-06-15 14:04",,
"204	도시철도역 주변우수업체	1호선	조방낙지 장림직영점	상 호 (전화번호) : 조방낙지 장림직영점 (051-262-1222) 주 소 : 사하구 다대로 317 위 치 : 신장림역 2번출구에서 2분 주메뉴 : 낙지볶음 	입식테이블|음식점|자동문	http://www.wheelbusan.or.kr/board/file/download?board_number=973	2019-01-03 10:19",,,,
"205	도시철도역 주변우수업체	1호선	LA돈까스	""상 호 (전화번호) : LA돈까스 (051-464-5703)주 소 : 중구 40계단길 7 위 치 : 중앙역 11번출구에서 2분 테이블 수 : 전체 6", 입식 6," 주메뉴 : 돈까스 ""	입식테이블|음식점|이용가능시설	http://www.wheelbusan.or.kr/board/file/download?board_number=970	2019-01-02 13:08",,
"206	도시철도역 주변우수업체	1호선	서브웨이(Subway)	""상 호 (전화번호) : 서브웨이 (051-442-4142) 주 소 : 동구 중앙대로 365  (부산일보건물 1층 위 치 : 부산진역 5번출구에서 2분 테이블 수 : 전체 7", 입식 7," 주메뉴 : 햄버그""	입식테이블|음식점|이용가능시설|장애인전용 주차구역|장애인화장실	http://www.wheelbusan.or.kr/board/file/download?board_number=968	2019-01-02 11:07",,
"207	도시철도역 주변우수업체	1호선	홍보석	""상 호 (전화번호) : 홍보석 (051-667-0892) 주 소 : 동구 범일로 125 (범일동) 현대백화점9층 위 치 : 범일역7번출구에서 2분 테이블 수 : 전체 24", 입식 24," 주메뉴 : 짬뽕 ""	입식테이블|음식점|이용가능시설|자동문|장애인전용 주차구역|엘리베이터|장애인화장실	http://www.wheelbusan.or.kr/board/file/download?board_number=967	2019-01-02 9:41",,
"208	도시철도역 주변우수업체	1호선	기운센 갈비탕	""상 호 (전화번호) : 기운센 갈비탕 (051-514-4222)주 소 : 금정구 중앙대로1945번길 11위 치 : 두실역7번출구에서 3분테이블 수 : 전체 12", 입식 12," 주메뉴 : 갈비탕""	자동문|이용가능시설|음식점|입식테이블	http://www.wheelbusan.or.kr/board/file/download?board_number=966	2018-12-31 16:23",,
"209	도시철도역 주변우수업체	1호선	천돈 헤라클레스	""상호(전화번호) : 천돈 헤라클레스 (051-715-9282) 주소 : 금정구 청룡로 7 위치 : 범어사역7번 출구에서 3분 테이블 수 : 전체40", 입식40," 주메뉴 : 돼지갈비""	입식테이블|음식점|경사로|이용가능시설|자동문	http://www.wheelbusan.or.kr/board/file/download?board_number=965	2018-12-31 16:10",,
"210	도시철도역 주변우수업체	1호선	가야밀면	""상 호 (전화번호) : 가야밀면 (051-912-6806) 주 소 : 부산진구 동평로 405길 128 위 치 : 시청역3번출구에서 6분 테이블 수 : 전체 18", 입식 18," 주메뉴 : 물밀면""	입식테이블|음식점|이용가능시설	http://www.wheelbusan.or.kr/board/file/download?board_number=964	2018-12-31 15:01",,
"211	도시철도역 주변우수업체	1호선	신라해장국	""상 호 (전화번호) : 신라해장국 (051-441-3813) 주 소 : 중구 해관로 55?? 위 치 : 중앙역 11번출구에서 2분 테이블 수 : 전체 18", 입식 18," 주메뉴 : 해장국 ""	입식테이블|음식점|경사로|이용가능시설	http://www.wheelbusan.or.kr/board/file/download?board_number=962	2018-12-31 13:57",,
"212	도시철도역 주변우수업체	1호선	중앙모밀	상 호 (전화번호) : 중앙모밀 (051-246-8686)주 소 : 부산 중구 중앙대로49번길 9-1	입식테이블|음식점|경사로|이용가능시설	http://www.wheelbusan.or.kr/board/file/download?board_number=961	2018-12-31 13:26",,,,
"213	도시철도역 주변우수업체	1호선	남포멸치국수	""상 호 (전화번호) : 남포멸치국수 (051-256-2346) 주 소 : 중구 구덕로 48번길 4 위 치 : 남포역 1번출구에서 5분 테이블 수 : 전체 22", 입식 22," 주메뉴 : 멸치국수 * 식당 건물 출입구로 들어가서 경사로 이용""	입식테이블|음식점|경사로|이용가능시설	http://www.wheelbusan.or.kr/board/file/download?board_number=960	2018-12-31 11:52",,
"214	도시철도역 주변우수업체	1호선	국제상인	""상 호 (전화번호) : 국제상인 (051-462-1223 주 소 : 부산 중구 해관로 60-1 위 치 : 중앙역13번출구에서 1분 테이블 수 : 전체 16", 입식 16, 주메뉴 : 짬뽕," 족발 ""	입식테이블|음식점|이용가능시설	http://www.wheelbusan.or.kr/board/file/download?board_number=938	2018-12-21 19:39",
"215	도시철도역 주변우수업체	1호선	백대감(코다리)	""상호(전화번호) : 백대감 코다리 (051-246-9371)주소 : 서구 구덕로199번길 17위치 : 토성역 5번출구 도보6분거리 테이블 수 : 전체 15", 입식 11," 주메뉴 : 코다리찜""	입식테이블|음식점|이용가능시설|자동문	http://www.wheelbusan.or.kr/board/file/download?board_number=884	2018-11-01 10:23",,
"216	도시철도역 주변우수업체	1호선	바우갈비찜탕	상 호(전화번호) : 바우갈비찜.탕 (051-292-1522)주소 : 사하구 낙동대로 233 1층 위치 : 괴정역 4번출구 도보 2분거리 주메뉴 : 갈비탕	입식테이블|음식점|이용가능시설|자동문	http://www.wheelbusan.or.kr/board/file/download?board_number=883	2018-11-01 10:07",,,,
"217	도시철도역 주변우수업체	1호선	채선당SHABU	""상 호 (전화번호) : 채선당SHABU (051-861 ? 0005) 주소 : 부산진구 연수로 6-1 지하 1층 위치 : 양정역 2번출구에서 4번 출구 방향으로 도보로 4분  테이블 수 : 전체16 입식16"," 주메뉴 : 샤브샤브""	입식테이블|음식점|경사로|이용가능시설|엘리베이터|장애인화장실	http://www.wheelbusan.or.kr/board/file/download?board_number=842	2018-08-20 15:17",,,
"218	도시철도역 주변우수업체	1호선	포항집	""상 호 (전화번호) : 포항집 (051-263-0527)주 소 : 사하구 몰운대1길 31위 치 : 다대포해수욕장역 4번출구에서 5분테이블 수 : 전체 16", 입식 10," 주메뉴 : 꼼장어구이""	입식테이블|음식점	http://www.wheelbusan.or.kr/board/file/download?board_number=836	2018-08-07 11:10",,
"219	도시철도역 주변우수업체	1호선	태평양 꼼장어	""상 호 (전화번호) : 태평양 꼼장어 (051-262-6686)주 소 : 사하구 몰운대1길 31위 치 : 다대포해수욕장역", 4번출구에서 5분 테이블 수 : 전체 12, 입석 12," 주메뉴 : 꼼장어구이""	입식테이블|음식점|경사로|이용가능시설	http://www.wheelbusan.or.kr/board/file/download?board_number=835	2018-08-07 11:06",
"220	도시철도역 주변우수업체	1호선	부산숯불장어. 꼼장어	""상 호 (전화번호) : 부산숯불장어. 꼼장어 (051-264-8777)주 소 : 사하구 다대로 663위 치 : 다대포해수욕장역 2-4번 출구에서 2분거리테이블 수 : 전체 8", 입식 5," 주메뉴 : 꼼장어구이 ""	입식테이블|음식점|경사로|이용가능시설	http://www.wheelbusan.or.kr/board/file/download?board_number=812	2018-07-17 14:34",,
"221	도시철도역 주변우수업체	1호선	별난멸치국수	""상 호 (전화번호) : 별난멸치국수 (051-266-2668)주 소 : 사하구 다대로 700위 치 : 다대포해수욕장역 1번출구에서 1분거리테이블 수 : 전체 15", 입석 15," 주메뉴 : 멸치국수""	입식테이블|음식점|경사로|이용가능시설|자동문	http://www.wheelbusan.or.kr/board/file/download?board_number=597	2018-06-18 11:25",,
"222	도시철도역 주변우수업체	1호선	와사비꼬막정식	""상 호 (전화번호) : 별난멸치국수 (051-266-2668) 주 소 : 사하구 다대로 700 위 치 : 다대포해수욕장역 1번출구에서 1분거리 테이블 수 : 전체 15", 입석 15," 주메뉴 : 멸치국수""	입식테이블|음식점|이용가능시설	http://www.wheelbusan.or.kr/board/file/download?board_number=596	2018-06-18 11:23",,
"223	도시철도역 주변우수업체	1호선	대복식당	""상 호 (전화번호) : 대복식당 (051-264-9897)주 소 : 사하구 다대동로 29위 치 : 다대포항역 2번출구에서 5분테이블 수 : 전체 13", 입식 9," 주메뉴 : 장어추어탕""	입식테이블|음식점|이용가능시설	http://www.wheelbusan.or.kr/board/file/download?board_number=595	2018-06-18 11:21",,
"224	도시철도역 주변우수업체	1호선	의령와인삼겹살	""상 호 (전화번호) : 의령와인삼겹살 (051-265-2215)주 소 : 사하구 다대동 1074 진요빌딩 2층위 치 : 다대포항역 3번출구에서 1분테이블 수 : 전체 16", 입식 8," 주메뉴 : 와인삼겹살""	입식테이블|음식점|이용가능시설|자동문	http://www.wheelbusan.or.kr/board/file/download?board_number=594	2018-06-18 11:18",,
"225	도시철도역 주변우수업체	1호선	봉평메밀마당	""상 호 (전화번호) : 봉평메밀마당 (070-8187-6186)주 소 : 사하구 다송로 38위 치 : 낫개역 4번출구에서 5분테이블 수 : 전체 19", 입식 19," 주메뉴 : 메밀막국수""	입식테이블|음식점|이용가능시설	http://www.wheelbusan.or.kr/board/file/download?board_number=593	2018-06-18 11:16",,
"226	도시철도역 주변우수업체	1호선	낭만연어	""상 호 (전화번호) : 낭만연어 (051-266-1582)주 소 : 사하구 다송로72길 51위 치 : 낫개역 4번출구에서 10분테이블 수 : 전체 11", 입식 11," 주메뉴 : 숙성연어사시미""	입식테이블|음식점|이용가능시설	http://www.wheelbusan.or.kr/board/file/download?board_number=592	2018-06-18 11:14",,
"227	도시철도역 주변우수업체	1호선	통영회센터	""상 호 (전화번호) : 통영회센터 (051-264-5450)주 소 : 사하구 다대로320길 4위 치 : 신장림역 1번출구에서 3분테이블 수 : 전체 12", 입식 7 ," 주메뉴 : 모듬회""	입식테이블|음식점|경사로|이용가능시설	http://www.wheelbusan.or.kr/board/file/download?board_number=591	2018-06-18 11:11",,
"228	도시철도역 주변우수업체	1호선	용문각	""상 호 (전화번호) : 용문각 (051-263-9494)주 소  : 사하구 다대로 289위 치 : 신장림역 4번출구에서 7분테이블 수 : 전체 5", 입식 5," 주메뉴 : 짜장면""	입식테이블|음식점|이용가능시설	http://www.wheelbusan.or.kr/board/file/download?board_number=590	2018-06-18 11:08",,
"229	도시철도역 주변우수업체	1호선	더만소	""상 호 (전화번호) : 더만소 (051-264-9294)주 소 : 사하구 장평로 178위 치 : 장림역 3번출구에서 7분테이블 수 : 전체 35", 입식 6," 주메뉴 : 생갈비살 ""	입식테이블|음식점|이용가능시설	http://www.wheelbusan.or.kr/board/file/download?board_number=589	2018-06-18 11:05",,
"230	도시철도역 주변우수업체	1호선	홍콩반점	""상 호 (전화번호) : 홍콩반점 (051-266-0410)주 소  : 사하구 장림2동 316-2 청룡타워위 치 : 장림역 1번출구에서 3분테이블 수 : 전체 15", 입식 10," 주메뉴 : 짬뽕 ""	입식테이블|음식점|이용가능시설|자동문	http://www.wheelbusan.or.kr/board/file/download?board_number=588	2018-06-18 11:03",,
"231	도시철도역 주변우수업체	1호선	봉평메밀국수 통영굴국밥	""상 호 (전화번호) : 봉평메밀국수 통영굴국밥 (051-206-6035)주 소 : 사하구 신평1동 262-22위 치 : 동매역 4번출구에서 7분테이블 수 : 전체 12", 입식 10," 주메뉴 : 메밀들깨칼국수 ""	입식테이블|음식점|경사로|이용가능시설	http://www.wheelbusan.or.kr/board/file/download?board_number=587	2018-06-18 11:00",,
"232	도시철도역 주변우수업체	1호선	성화아구찜	""상 호 (전화번호) : 성화아구찜 (051-205-3496)주 소 : 사하구 다대로142번길 92위 치 : 동매역 1번출구에서 5분테이블 수 : 전체 3", 입식 3," 주메뉴 : 아구찜 ""	입식테이블|음식점|경사로|이용가능시설	http://www.wheelbusan.or.kr/board/file/download?board_number=586	2018-06-18 10:58",,
"233	도시철도역 주변우수업체	1호선	김해시락국밥	""상 호 (전화번호) : 김해시락국밥 (051-291-1008)주 소  : 사하구 하신번영로151길 10위 치 : 신평역 9번출구에서 2분테이블 수 : 전체 10", 입식 10," 주메뉴 : 시락국밥 ""	입식테이블|음식점|경사로|이용가능시설	http://www.wheelbusan.or.kr/board/file/download?board_number=585	2018-06-18 10:55",,
"234	도시철도역 주변우수업체	1호선	포항물횟집	""상 호 (전화번호) 포항물횟집 (583-1300)주 소 사하구 하신번영로 201-19위 치 9번출구에서 10분테이블 수 / 주메뉴 전체 6", 입식 6 / 물회 12,"000""	입식테이블|음식점|경사로|이용가능시설	http://www.wheelbusan.or.kr/board/file/download?board_number=584	2018-06-18 10:51",,
"235	도시철도역 주변우수업체	1호선	시골한방 돼지국밥	""상 호 (전화번호) : 시골한방 돼지국밥 (051-208-0468)주 소 : 사하구 낙동남로 1402위 치 : 하단역 6번출구에서 3분테이블 수 : 전체 28", 입식 15," 주메뉴 : 돼지국밥""	입식테이블|음식점|경사로|이용가능시설	http://www.wheelbusan.or.kr/board/file/download?board_number=583	2018-06-18 10:48",,
"236	도시철도역 주변우수업체	1호선	황상필 생선구이	""상 호 (전화번호) : 황상필 생선구이 (051-206-2468)주 소 : 사하구 하신중앙로 331위 치 : 하단역 6번출구에서 3분테이블 수 : 전체 14", 입식 5," 주메뉴 : 모듬생선구이""	입식테이블|음식점|경사로|이용가능시설	http://www.wheelbusan.or.kr/board/file/download?board_number=582	2018-06-18 10:46",,
"237	도시철도역 주변우수업체	1호선	별난멸치국수	""상 호 (전화번호) : 별난멸치국수 (051-208-0998)주 소  : 사하구 하단동 623-39위 치 : 당리역 4번출구에서 1분테이블 수 : 전체 22", 입식 22," 주메뉴 : 멸치국수""	입식테이블|음식점|이용가능시설	http://www.wheelbusan.or.kr/board/file/download?board_number=581	2018-06-18 10:43",,
"238	도시철도역 주변우수업체	1호선	물만난고기	""상 호 (전화번호) : 물만난고기 (070-8181-0021)주 소 : 사하구 낙동대로398길 20위 치 : 당리역 1번출구에서 2분테이블 수 : 전체 8", 입식 8," 주메뉴 : 점심특선""	입식테이블|음식점|이용가능시설	http://www.wheelbusan.or.kr/board/file/download?board_number=580	2018-06-18 10:30",,
"239	도시철도역 주변우수업체	1호선	초원아구찜	""상 호 (전화번호) : 초원아구찜 (051-205-1919)주 소 : 사하구 낙동대로309길 18위 치 : 사하역 4번출구에서 3분테이블 수 : 전체 8", 입식 8," 주메뉴 : 아구찜""	입식테이블|음식점|경사로|이용가능시설	http://www.wheelbusan.or.kr/board/file/download?board_number=579	2018-06-18 10:28",,
"240	도시철도역 주변우수업체	1호선	피자1번가	""상 호 (전화번호) : 피자1번가 (051-293-9133)주 소 : 사하구 괴정동1102-5위 치 : 사하역 1번출구에서 4분테이블 수 : 전체 4", 입식 4," 주메뉴 :  치즈피자""	입식테이블|음식점|경사로|이용가능시설|자동문	http://www.wheelbusan.or.kr/board/file/download?board_number=578	2018-06-18 10:25",,
"241	도시철도역 주변우수업체	1호선	쿠우쿠우	""상 호 (전화번호) : 쿠우쿠우 (051-204-6274)주 소  : 사하구 사하로 200 형지스퀘어 11층위 치 : 괴정역 4번출구에서 2분테이블 수 : 전체 49", 입식 23," 주메뉴 : 스시부페 ""	입식테이블|음식점|이용가능시설|자동문	http://www.wheelbusan.or.kr/board/file/download?board_number=577	2018-06-18 10:22",,
"242	도시철도역 주변우수업체	1호선	락앤웍	""상 호 (전화번호) : 락앤웍 (051-710-6100)주 소 : 사하구 사하로 200 형지스퀘어 2층위 치 : 괴정역 4번출구에서 2분테이블 수 : 전체 24", 입식 24," 주메뉴 : 짬뽕 ""	입식테이블|음식점|이용가능시설|자동문	http://www.wheelbusan.or.kr/board/file/download?board_number=576	2018-06-18 10:20",,
"243	도시철도역 주변우수업체	1호선	밀양가산 돼지국밥	""상 호 (전화번호) : 밀양가산 돼지국밥 (051-207-4481)주 소 : 사하구 괴정동 305-7위 치 : 대티역 2번출구에서 3분테이블 수 : 전체 25", 입식 14," 주메뉴 : 돼지국밥""	입식테이블|음식점|이용가능시설	http://www.wheelbusan.or.kr/board/file/download?board_number=575	2018-06-18 10:17",,
"244	도시철도역 주변우수업체	1호선	돈아돈아	""상 호 (전화번호) : 돈아돈아 (051-205-8982)주 소 : 사하구 사리로 15위 치 : 대티역 2번출구에서 3분테이블 수 : 전체 22", 입식 17," 주메뉴 : 통생삼겹살 ""	입식테이블|음식점|이용가능시설	http://www.wheelbusan.or.kr/board/file/download?board_number=574	2018-06-18 10:14",,
"245	도시철도역 주변우수업체	1호선	봉평메밀면가	""상 호 (전화번호) : 봉평메밀면가 (051-246-2434)주 소 : 서구 구덕로339번길 31위 치 : 서대신역 3번출구에서 5분테이블 수 : 전체 10", 입식 4," 주메뉴 : 물막국수""	입식테이블|음식점|이용가능시설	http://www.wheelbusan.or.kr/board/file/download?board_number=573	2018-06-18 10:11",,
"246	도시철도역 주변우수업체	1호선	153전통단팥죽	""상 호 (전화번호) 153전통단팥죽 (263-0153)주 소 서구 대티로 177위 치 3번출구에서 4분테이블 수 / 주메뉴 전체 5", 입식 5 / 단팥죽 4,"000""	입식테이블|음식점|경사로|이용가능시설	http://www.wheelbusan.or.kr/board/file/download?board_number=572	2018-06-18 10:07",,
"247	도시철도역 주변우수업체	1호선	3678통장어	""상 호 (전화번호) : 3678통장어 (051-242-3678)주 소 : 서구 동대신동1가 153-15위 치 : 동대신역 3번출구에서 10분테이블 수 : 전체 15", 입식 7," 주메뉴 : 장어구이 ""	입식테이블|음식점|이용가능시설	http://www.wheelbusan.or.kr/board/file/download?board_number=571	2018-06-18 10:04",,
"248	도시철도역 주변우수업체	1호선	쌍둥이네 왕갈비	""상 호 (전화번호) 쌍둥이네 왕갈비 (244-9587)주 소 서구 대영로74길 35위 치 3번출구에서 10분테이블 수 / 주메뉴 전체 16", 입식 8 / 돼지왕갈비 9,"000""	입식테이블|음식점|경사로|이용가능시설	http://www.wheelbusan.or.kr/board/file/download?board_number=570	2018-06-18 10:01",,
"249	도시철도역 주변우수업체	1호선	아빠곰탕	""상 호 (전화번호) : 아빠곰탕 (051-248-7778)주 소 : 서구 아미동2가 21번지 1층위 치 : 토성역 5번출구에서 10분테이블 수 : 전체 14", 입식 14," 주메뉴 : 진곰탕 ""	입식테이블|음식점|경사로|이용가능시설	http://www.wheelbusan.or.kr/board/file/download?board_number=569	2018-06-18 9:58",,
"250	도시철도역 주변우수업체	1호선	백련가	""상 호 (전화번호) 백련가 (245-8114)주 소 서구 구덕로165번길 16-8위 치 5번출구에서 5분테이블 수 / 주메뉴 전체 29", 입식 12 / 불고기정식 10,"000""	이용가능시설|음식점|입식테이블	http://www.wheelbusan.or.kr/board/file/download?board_number=568	2018-06-18 9:55",,
"251	도시철도역 주변우수업체	1호선	미정횟집	""상 호 (전화번호) : 미정횟집 (051-246-9847)주 소 : 중구 남포동5가 109번지 7-4위 치 : 자갈치역 8번출구에서 7분테이블 수 : 전체 55", 입식 22,"주메뉴 : 모듬회 ""	입식테이블|음식점|이용가능시설	http://www.wheelbusan.or.kr/board/file/download?board_number=567	2018-06-18 9:48",,
"252	도시철도역 주변우수업체	1호선	다도해	상 호 (전화번호) : 다도해 (051-464-3680) 주 소 : 부산 중구 자갈치해안로 52 자갈치시장	이용가능시설|장애인전용 주차구역|엘리베이터|음식점|입식테이블	http://www.wheelbusan.or.kr/board/file/download?board_number=566	2018-06-18 9:45",,,,
"253	도시철도역 주변우수업체	1호선	남포집	""상 호 (전화번호) : 남포집 (051-257-2555)주 소 : 중구 광복동1가 19-1위 치 : 남포역 7번출구 광복로 입구 쪽테이블 수 : 전체 10", 입식 10," 주메뉴 : 묵은지김치전골""	입식테이블|음식점|경사로|이용가능시설|자동문	http://www.wheelbusan.or.kr/board/file/download?board_number=565	2018-06-18 9:42",,
"254	도시철도역 주변우수업체	1호선	남포밀면	""상 호 (전화번호) : 남포밀면 (051-246-3435)주 소 : 중구 광복로 50위 치 : 남포역 1번출구에서 5분테이블 수 : 전체 16", 입식 11," 주메뉴 : 밀면""	입식테이블|음식점|이용가능시설|자동문	http://www.wheelbusan.or.kr/board/file/download?board_number=564	2018-06-18 9:39",,
"255	도시철도역 주변우수업체	1호선	상짱	""상 호 (전화번호) : 상짱 (051-469-5860)주 소 : 중구 해관로 59-1위 치 : 중앙역13번출구에서 3분테이블 수 : 전체 10", 입식 9," 주메뉴 : 새우튀김정식""	입식테이블|음식점|경사로|이용가능시설	http://www.wheelbusan.or.kr/board/file/download?board_number=563	2018-06-18 9:36",,
"256	도시철도역 주변우수업체	1호선	희정식당	""상 호 (전화번호) 희정식당 (462-6318)주 소 중구 중앙대로81길 4-11위 치 13번출구에서 10분테이블 수 / 주메뉴 전체 36", 입식 9 / 대구탕 7,"000""	입식테이블|음식점|경사로|이용가능시설	http://www.wheelbusan.or.kr/board/file/download?board_number=562	2018-06-18 9:33",,
"257	도시철도역 주변우수업체	1호선	돌담집	""상 호 (전화번호) 돌담집 (466-1670)주 소 동구 중앙대로214번길 7-9위 치 4번출구에서 8분거리 (아스티호텔 맞은편)테이블 수 / 주메뉴 전체 25", 입식 14 / 동태찌개 7,"000""	자동문|이용가능시설|음식점|입식테이블	http://www.wheelbusan.or.kr/board/file/download?board_number=561	2018-06-18 9:31",,
"258	도시철도역 주변우수업체	1호선	스시보노	""상 호 (전화번호) : 스시보노 (051-442-2982)주 소 : 동구 중앙대로 206 1층위 치 : KTX부산역사 1층테이블 수 : 전체 5", 입식 5," 주메뉴 : 초밥 ""	입식테이블|음식점|이용가능시설|자동문	http://www.wheelbusan.or.kr/board/file/download?board_number=560	2018-06-18 9:27",,
"259	도시철도역 주변우수업체	1호선	해금강	""상 호 (전화번호) : 해금강 (051-403-8888)주 소 : 동구 중앙대로196길 16-12 온박스빌딩 1층위 치 : 부산역4번출구에서 15분테이블 수 : 전체 40", 입식 38," 주메뉴 : 왕갈비탕""	입식테이블|음식점|경사로|이용가능시설|자동문	http://www.wheelbusan.or.kr/board/file/download?board_number=559	2018-06-18 9:25",,
"260	도시철도역 주변우수업체	1호선	풍기삼계탕	""상 호 (전화번호) : 풍기삼계탕 (051-465-7377)주 소 : 동구 초량3동 1163-8위 치 : 초량역8번출구에서 5분테이블 수 : 전체 16", 입식 4," 주메뉴 : 삼계탕""	입식테이블|음식점|경사로|이용가능시설	http://www.wheelbusan.or.kr/board/file/download?board_number=558	2018-06-18 9:22",,
"261	도시철도역 주변우수업체	1호선	락앤웍	""상 호 (전화번호) : 락앤웍 (051-469-9244)주 소 : 동구 중앙대로 297위 치 : 초량역7번출구에서 5분테이블 수 : 전체 55", 입식 55," 주메뉴 : 짜장면""	입식테이블|음식점|이용가능시설|자동문|장애인전용 주차구역|엘리베이터|장애인화장실	http://www.wheelbusan.or.kr/board/file/download?board_number=557	2018-06-18 9:20",,
"262	도시철도역 주변우수업체	1호선	77돼지 숯불갈비	""상 호 (전화번호) : 77돼지 숯불갈비 (051-466-0777)주 소 : 동구 진성로9길 30-1위 치 : 부산진역5번출구에서 3분테이블 수 : 전체 21", 입식 7," 주메뉴 : 목살양념구이""	입식테이블|음식점|이용가능시설	http://www.wheelbusan.or.kr/board/file/download?board_number=556	2018-06-18 9:17",,
"263	도시철도역 주변우수업체	1호선	풍미식당	""상 호 (전화번호) : 풍미식당 (051-642-5154)주 소 : 동구 범일2동 830위 치 : 범일역6번출구에서 5분테이블 수 : 전체 10", 입식 5," 주메뉴 : 고등어구이 ""	입식테이블|음식점|이용가능시설	http://www.wheelbusan.or.kr/board/file/download?board_number=555	2018-06-18 9:14",,
"264	도시철도역 주변우수업체	1호선	부뚜막	""상 호 (전화번호) : 부뚜막 (051-642-9595)주 소 : 부산진구 범천동 898-2위 치 : 범일역9번출구에서 2분테이블 수 : 전체 7", 입식 5," 주메뉴 : 된장찌개""	입식테이블|음식점|경사로|이용가능시설|자동문	http://www.wheelbusan.or.kr/board/file/download?board_number=554	2018-06-18 9:11",,
"265	도시철도역 주변우수업체	1호선	남강면옥	""상 호 (전화번호) : 남강면옥 (051-634-9118)주 소 : 부산진구 신천대로65길 68위 치 : 범내골역5번출구에서 3분테이블 수 : 전체 24", 입식 11," 주메뉴 : 갈비탕 ""	입식테이블|음식점|경사로|이용가능시설|자동문	http://www.wheelbusan.or.kr/board/file/download?board_number=553	2018-06-18 9:07",,
"266	도시철도역 주변우수업체	1호선	함안장터대구식당	""상 호 (전화번호) : 함안장터대구식당 (051-636-3939)주 소 : 부산진구 범천동869-27번지위 치 : 범내골역7번출구에서 5분테이블 수 : 전체 19", 입식12," 주메뉴 : 한우국밥""	입식테이블|음식점|이용가능시설	http://www.wheelbusan.or.kr/board/file/download?board_number=552	2018-06-18 9:04",,
"267	도시철도역 주변우수업체	1호선	오롯이닭개장	""상 호 (전화번호) : 오롯이닭개장 (051-806-0911)주 소 : 부산진구 동천로 89위 치 : 서면역6번출구에서 10분테이블 수 : 전체 9", 입식 6," 주메뉴 : 닭볶음탕 ""	입식테이블|음식점|경사로|이용가능시설	http://www.wheelbusan.or.kr/board/file/download?board_number=551	2018-06-18 9:01",,
"268	도시철도역 주변우수업체	1호선	동강한우참숯구이	""상 호 (전화번호) : 동강한우참숯구이 (051-807-8505)주 소 : 부산진구 부전동 406-33동강빌딩위 치 : 서면역9번출구에서 10분테이블 수 : 전체 26", 입식 26," 주메뉴 : 한방갈비탕 ""	입식테이블|음식점|경사로|이용가능시설|자동문	http://www.wheelbusan.or.kr/board/file/download?board_number=550	2018-06-18 8:58",,
"269	도시철도역 주변우수업체	1호선	부대천하	""상 호 (전화번호) 부대천하 (803-2589)주 소 부산진구 서면로68길 47위 치 7번출구에서 7분테이블 수 / 주메뉴 전체 7", 입식 7 / 천하부대찌개 7,"000""	자동문|이용가능시설|경사로|음식점|입식테이블	http://www.wheelbusan.or.kr/board/file/download?board_number=549	2018-06-18 8:55",,
"270	도시철도역 주변우수업체	1호선	마스타철판	""상 호 (전화번호) : 마스타철판 (010-7560-4377)주 소 : 부산진구 동천로 92 NC백화점 6층 위 치 : 서면역6번출구에서 7분테이블 수 : 전체 80", 입식 80," 주메뉴 : 철판볶음밥""	입식테이블|음식점|이용가능시설|자동문|장애인전용 주차구역|엘리베이터|장애인화장실	http://www.wheelbusan.or.kr/board/file/download?board_number=548	2018-06-18 8:52",,
"271	도시철도역 주변우수업체	1호선	청양일초 쭈꾸미	""상 호 (전화번호) : 청양일초 쭈꾸미 (051-803-1313)주 소 : 부산진구 전포동 874-20위 치 : 부전역6번출구에서 2분테이블 수 : 전체 17", 입식 17," 주메뉴 :  웰빙쭈꾸미""	입식테이블|음식점|경사로|이용가능시설|자동문	http://www.wheelbusan.or.kr/board/file/download?board_number=544	2018-06-15 16:51",,
"272	도시철도역 주변우수업체	1호선	한끼밥상	""상 호 (전화번호) : 한끼밥상 (051-803-0648)주 소 : 부산진구 중앙대로 790위 치 : 부전역6번출구에서 1분테이블 수 : 전체 10", 입식 10," 주메뉴 : 한끼세트""	입식테이블|음식점|경사로|이용가능시설|엘리베이터	http://www.wheelbusan.or.kr/board/file/download?board_number=541	2018-06-15 16:48",,
"273	도시철도역 주변우수업체	1호선	원조나라곰탕	""상 호 (전화번호) : 원조나라곰탕 (051-865-6336)주 소 : 부산진구 동평로420길 13위 치 : 양정역1번출구에서 3분테이블 수 : 전체 14", 입식 9," 주메뉴 : 꼬리곰탕 ""	입식테이블|음식점|경사로|이용가능시설	http://www.wheelbusan.or.kr/board/file/download?board_number=539	2018-06-15 16:46",,
"274	도시철도역 주변우수업체	1호선	지리산어탕국수	""상 호 (전화번호) : 지리산어탕국수 (051-867-2212)주 소 : 부산진구 거제천로40길 20위 치 : 시청역3번출구에서 6분테이블 수 : 전체 12", 입식 8," 주메뉴 : 어탕국수""	입식테이블|음식점|경사로|이용가능시설	http://www.wheelbusan.or.kr/board/file/download?board_number=537	2018-06-15 16:43",,
"275	도시철도역 주변우수업체	1호선	해풍코다리	""상 호 (전화번호) : 해풍코다리 (051-862-6202)주 소 : 연제구 연산동 1366-1 (더샵 시티에비뉴상가 103호)위 치 : 시청역5번출구에서 3분테이블 수 : 전체 15", 입식 15," 주메뉴 : 코다리조림""	입식테이블|음식점|경사로|이용가능시설|장애인전용 주차구역	http://www.wheelbusan.or.kr/board/file/download?board_number=535	2018-06-15 16:40",,
"276	도시철도역 주변우수업체	1호선	교동전선생	""상 호 (전화번호) : 교동전선생 (051-868-8898)주 소 : 연제구 연산동 1371-9위 치 : 시청역5번출구에서 5분 테이블 수 : 전체 19", 입식 19," 주메뉴 : 김치찌개정식""	입식테이블|음식점|경사로|이용가능시설	http://www.wheelbusan.or.kr/board/file/download?board_number=534	2018-06-15 16:37",,
"277	도시철도역 주변우수업체	1호선	더 맛있는 낙지	""상 호 (전화번호) : 더 맛있는 낙지 (051-852-1424)주 소 : 연제구 거제천로 63위 치 : 시청역3번출구에서 7분테이블 수 : 전체 14", 입식 8," 주메뉴 : 빨간낙지 ""	입식테이블|음식점|경사로|이용가능시설	http://www.wheelbusan.or.kr/board/file/download?board_number=533	2018-06-15 16:35",,
"278	도시철도역 주변우수업체	1호선	바푸리 숯불김밥	""상 호 (전화번호) : 바푸리 숯불김밥 (070-4740-7777)주 소 : 연제구 중앙대로 1111위 치 : 연산역5번출구에서 2분테이블 수 : 전체 9", 입식 4," 주메뉴 :  숯불김밥 ""	입식테이블|음식점|경사로|이용가능시설|자동문	http://www.wheelbusan.or.kr/board/file/download?board_number=532	2018-06-15 16:32",,
"279	도시철도역 주변우수업체	1호선	활스시	""상 호 (전화번호) : 활스시 (051-861-6636)주 소 : 연제구 월드컵대로119길 14위 치 : 연산역2번출구에서 3분테이블 수 : 전체 3", 입식 3," 주메뉴 : 초밥 ""	입식테이블|음식점|경사로|이용가능시설|자동문	http://www.wheelbusan.or.kr/board/file/download?board_number=531	2018-06-15 16:29",,
"280	도시철도역 주변우수업체	1호선	대가참치	""상 호 (전화번호) : 대가참치 (051-852-0030)주 소 : 연제구 월드컵대로145길 29위 치 : 연산역3번출구에서 3분테이블 수 : 전체 7", 입식 7," 주메뉴 : 생선구이정식""	입식테이블|음식점|경사로|이용가능시설	http://www.wheelbusan.or.kr/board/file/download?board_number=530	2018-06-15 16:26",,
"281	도시철도역 주변우수업체	1호선	연산군	""상 호 (전화번호) : 연산군 (051-862-8292)주 소 : 연제구 월드컵대로 144위 치 : 연산역5번출구에서 3분테이블 수 : 전체 16", 입식 8," 주메뉴 : 참나무삼겹살""	입식테이블|음식점|경사로|이용가능시설|자동문	http://www.wheelbusan.or.kr/board/file/download?board_number=520	2018-06-15 15:55",,
"282	도시철도역 주변우수업체	1호선	오정은김밥	""상 호 (전화번호) : 오정은김밥 (051-507-5733)주 소 : 연제구 명륜로2길 8위 치 : 교대역4번출구에서 1분테이블 수 : 전체 3", 입식 3," 주메뉴 : 야채김밥 ""	입식테이블|음식점|경사로|이용가능시설	http://www.wheelbusan.or.kr/board/file/download?board_number=518	2018-06-15 15:53",,
"283	도시철도역 주변우수업체	1호선	김밥일번지	""상 호 (전화번호) : 김밥일번지 (051-501-6062)주 소 : 연제구 중앙대로 1206위 치 : 교대역4번출구에서 1분테이블 수 : 전체 6", 입식 6," 주메뉴 : 우엉김밥""	입식테이블|음식점|경사로|이용가능시설	http://www.wheelbusan.or.kr/board/file/download?board_number=517	2018-06-15 15:50",,
"284	도시철도역 주변우수업체	1호선	강냉이	""상 호 (전화번호) : 강냉이 (051-556-6695)주 소 : 동래구 명륜동 540-2위 치 : 동래역2번출구에서 3분테이블 수 : 전체 32", 입식 19," 주메뉴 : 숙성생삼겹살""	입식테이블|음식점|이용가능시설	http://www.wheelbusan.or.kr/board/file/download?board_number=507	2018-06-15 14:53",,
"285	도시철도역 주변우수업체	1호선	아리산	""상 호 (전화번호) : 아리산 (051-512-4333)주 소 : 금정구 중앙대로 2041위 치 : 남산역 3번출구에서 5분테이블 수 : 전체 6", 입식 4," 주메뉴 : 짜장면""	입식테이블|음식점|경사로|이용가능시설	http://www.wheelbusan.or.kr/board/file/download?board_number=504	2018-06-15 14:47",,
"286	도시철도역 주변우수업체	1호선	맛찬들 왕소금구이	""상 호 (전화번호) : 맛찬들 왕소금구이 (051-503-8090)주 소 : 동래구 온천동 1441-13위 치 : 동래역6번출구에서 10m테이블 수 : 전체 200", 입식 50," 주메뉴 : 숙성생삼겹살""	입식테이블|음식점|경사로|이용가능시설|장애인전용 주차구역	http://www.wheelbusan.or.kr/board/file/download?board_number=502	2018-06-15 14:32",,
"287	도시철도역 주변우수업체	1호선	목향한우곱창	""상 호 (전화번호) 목향한우곱창 (553-7229)주 소 동래로19길 5위 치 5번출구에서 3분테이블 수 / 주메뉴 전체 8", 입식 8 / 곱창전골 9,"000""	경사로|이용가능시설|음식점|입식테이블	http://www.wheelbusan.or.kr/board/file/download?board_number=500	2018-06-15 14:29",,
"288	도시철도역 주변우수업체	1호선	본가돼지국밥수육보쌈	""상 호 (전화번호) : 본가돼지국밥수육보쌈 (051-582-4084)주 소 : 금정구 부곡4동 873-43위 치 : 온천장역4번출구에서 3분테이블 수 : 전체 9", 입식 7," 주메뉴 : 돼지국밥""	입식테이블|음식점|경사로|이용가능시설	http://www.wheelbusan.or.kr/board/file/download?board_number=499	2018-06-15 14:26",,
"289	도시철도역 주변우수업체	1호선	파스타 인 갤러리	""상 호 (전화번호) : 파스타 인 갤러리 (051-555-4399)주 소 : 동래구 온천동 허브스카이 2층 04호위 치 : 온천장역3번출구에서 5분테이블 수 : 전체 8", 입식 8," 주메뉴 : 크림파스타 ""	입식테이블|음식점|경사로|이용가능시설|자동문|장애인전용 주차구역|엘리베이터|장애인화장실	http://www.wheelbusan.or.kr/board/file/download?board_number=497	2018-06-15 14:23",,
"290	도시철도역 주변우수업체	1호선	서울깍두기	""상 호 (전화번호) : 서울깍두기 (051-582-9005)주 소 : 금정구 장전온천천로 75위 치 : 부산대역1번출구에서 8분테이블 수 : 전체 14", 입식 11," 주메뉴 : 설렁탕""	입식테이블|음식점|경사로|이용가능시설|자동문	http://www.wheelbusan.or.kr/board/file/download?board_number=494	2018-06-15 14:21",,
"291	도시철도역 주변우수업체	1호선	동해옥 순대요리	""상 호 (전화번호) : 동해옥 순대요리 (051-515-0736)주 소 : 금정구 금정로68번길 31-8위 치 : 부산대역3번출구에서 5분테이블 수 : 전체 9", 입식 7," 주메뉴 : 순대국밥""	입식테이블|경사로|이용가능시설|자동문	http://www.wheelbusan.or.kr/board/file/download?board_number=493	2018-06-15 14:18",,
"292	도시철도역 주변우수업체	1호선	구름다리 쌈도둑한식	""상 호 (전화번호) : 구름다리 쌈도둑한식 (051-504-1123)주 소 : 금정구 장전동 643-119 테라스파크 4층위 치 : 부산대역1번출구에서 2분테이블 수 : 전체 16", 입식 8," 주메뉴 : 고등어구이정식""	입식테이블|음식점|경사로|이용가능시설|자동문|장애인전용 주차구역|엘리베이터	http://www.wheelbusan.or.kr/board/file/download?board_number=491	2018-06-15 14:15",,
"293	도시철도역 주변우수업체	1호선	부대꼬마김밥	""상 호 (전화번호) : 부대꼬마김밥 (051-513-2524)주 소 : 금정구 장전온천천로 57위 치 : 부산대역1번출구에서 2분테이블 수 : 전체 21", 입식 21," 주메뉴 : 꼬마김밥""	입식테이블|음식점|경사로|이용가능시설	http://www.wheelbusan.or.kr/board/file/download?board_number=490	2018-06-15 14:12",,
"294	도시철도역 주변우수업체	1호선	1980국제시장만두&열무국수	""상 호 (전화번호) : 1980국제시장만두&열무국수 (051-518-6588)주 소 : 금정구 금정로149번길 7위 치 : 장전역1번출구에서 5분테이블 수 : 전체 8", 입식 8," 주메뉴 : 찐만두""	입식테이블|음식점|이용가능시설	http://www.wheelbusan.or.kr/board/file/download?board_number=487	2018-06-15 14:08",,
"295	도시철도역 주변우수업체	1호선	""도니가족발(구","부산족발)""	""상 호 (전화번호) : 도니가족발(구",부산족발) (051-582-3325)주 소 : 금정구 수림로 26위 치 : 장전역4번출구에서 2분테이블 수 : 전체 10, 입식 4," 주메뉴 : 족발 ""	입식테이블|음식점|경사로|이용가능시설	http://www.wheelbusan.or.kr/board/file/download?board_number=485	2018-06-15 14:03"
"296	도시철도역 주변우수업체	1호선	LADIFE	""상 호 (전화번호) : LADIFE (051-518-6333)주 소 : 금정구 수림로72번길 150위 치 : 구서역3번출구에서 13분테이블 수 : 전체 8", 입식 8," 주메뉴 : 아메리카노 ""	입식테이블|음식점|경사로|이용가능시설	http://www.wheelbusan.or.kr/board/file/download?board_number=484	2018-06-15 14:00",,
"297	도시철도역 주변우수업체	1호선	맛있는집	""상 호 (전화번호) : 맛있는집 (051-515-8665)주 소 : 금정구 중앙대로1945길 2위 치 : 두실역 3번출구에서 7분테이블 수 : 전체 6", 입식 6," 주메뉴 : 꼬마김밥""	입식테이블|음식점|경사로|이용가능시설	http://www.wheelbusan.or.kr/board/file/download?board_number=483	2018-06-15 13:46",,
"298	도시철도역 주변우수업체	1호선	삼복이밀면	""상 호 (전화번호) : 삼복이밀면 (051-513-3533)주 소 : 금정구 중앙대로1959길 9위 치 : 두실역3번출구에서 10분테이블 수 : 전체 13", 입식 13," 주메뉴 : 밀면""	입식테이블|음식점|경사로|이용가능시설	http://www.wheelbusan.or.kr/board/file/download?board_number=482	2018-06-15 13:43",,
"299	도시철도역 주변우수업체	1호선	명동칼국수	""상 호 (전화번호) : 명동칼국수 (051-513-5582)주 소 : 금정구 학산로13번길 13위 치 : 남산역1번출구에서 도보로 7분테이블 수 : 전체 5", 입식 5," 주메뉴 : 명동칼국수""	입식테이블|음식점|경사로|이용가능시설	http://www.wheelbusan.or.kr/board/file/download?board_number=481	2018-06-15 13:41",,
"300	도시철도역 주변우수업체	1호선	부산임진각식당	""상 호 (전화번호) : 부산임진각식당 (051-508-3531)주 소 : 금정구 놀이마당로 24위 치 : 범어사역 3번출구에서 15분테이블 수 : 전체 36", 입식 16," 주메뉴 : 한우소국밥""	입식테이블|음식점|경사로|이용가능시설|자동문|장애인전용 주차구역|엘리베이터	http://www.wheelbusan.or.kr/board/file/download?board_number=480	2018-06-15 13:37",,
"301	도시철도역 주변우수업체	1호선	봉구스밥버거	""상호(전화번호) : 봉구스밥버거 (051-583-3000 주소 : 금정구 중앙대로 2112 위치 : 범어사역4번 출구에서 1분 테이블 수 : 전체5", 입식5," 주메뉴 : 주먹밥""	입식테이블|음식점|경사로|이용가능시설	http://www.wheelbusan.or.kr/board/file/download?board_number=479	2018-06-14 14:32",,
